0333298F;Université de Bordeaux;;Université;Public;;Nouvelle-Aquitaine>Bordeaux>Gironde>Bordeaux;33063;Bordeaux;Bordeaux;Gironde;Bordeaux;Nouvelle-Aquitaine;35 PLACE PEY BERLAND;33000;BORDEAUX;France;;44347;45712;46668;46459;46382;48143
0312760G;Institut supérieur de l'aéronautique et de l'espace;ISAE;Grand établissement relevant d'un autre département ministériel;Public;;Occitanie>Toulouse>Haute-Garonne>Toulouse;31555;Toulouse;Toulouse;Haute-Garonne;Toulouse;Occitanie;10 AVENUE EDOUARD BELIN;31055;TOULOUSE CEDEX;France;Environnement et prospective de la politique de défense;1197;1178;1258;1357;1322;1274
0333232J;Institut polytechnique de Bordeaux;IPB;Grand établissement;Public;Université de Bordeaux;Nouvelle-Aquitaine>Bordeaux>Gironde>Talence;33522;Talence;Bordeaux;Gironde;Bordeaux;Nouvelle-Aquitaine;1 AVENUE DU DOCTEUR ALBERT SCHWE;33402;TALENCE CEDEX;France;Formations supérieures et recherche universitaire (Recherche et enseignement supérieur);1893;2056;2196;2331;2371;2347
0250082D;École nationale supérieure de mécanique et des microtechniques;ENSMM Besançon;Écoles nationales supérieures d'ingénieurs;Public;;Bourgogne-Franche-Comté>Besançon>Doubs>Besançon;25056;Besançon;Besançon;Doubs;Besançon;Bourgogne-Franche-Comté;26 CHEMIN DE L'EPITAPHE;25030;BESANCON CEDEX;France;Formations supérieures et recherche universitaire (Recherche et enseignement supérieur);877;856;877;870;832;830
0060099A;Observatoire de la côte d'azur;OCA;Autre établissement;Public;Université Nice - Sophia-Antipolis;Provence-Alpes-Côte d'Azur>Nice>Alpes-Maritimes>Nice;6088;Nice;Nice;Alpes-Maritimes;Nice;Provence-Alpes-Côte d'Azur;ROUTE GRANDE CORNICHE;6304;NICE CEDEX 4;France;Formations supérieures et recherche universitaire (Recherche et enseignement supérieur);0;0;0;0;0;0
0511296G;Université de Reims Champagne-Ardenne;URCA;Université;Public;;Grand Est>Reims>Marne>Reims;51454;Reims;Reims;Marne;Reims;Grand Est;9 BD DE LA PAIX;51097;REIMS CEDEX;France;Formations supérieures et recherche universitaire (Recherche et enseignement supérieur);21119;20865;21240;22071;22650;24232
0751723R;Université Paris Diderot;;Université;Public;;Île-de-France>Paris>Paris>Paris 13e;75113;Paris 13e;Paris;Paris;Paris;Île-de-France;5 RUE THOMAS MANN;75205;PARIS CEDEX 13;France;Formations supérieures et recherche universitaire (Recherche et enseignement supérieur);26394;24901;24289;24443;23250;24559
0753364Z;Institut d'administration des entreprises de Paris;IAE de Paris;Autre établissement;Public;Université Paris 1 - Panthéon Sorbonne;Île-de-France>Paris>Paris>Paris 5e;75105;Paris 5e;Paris;Paris;Paris;Île-de-France;21 RUE BROCA;75005;PARIS;France;Formations supérieures et recherche universitaire (Recherche et enseignement supérieur);0;0;0;0;0;0
0751719L;Université Sorbonne Nouvelle - Paris 3;;Université;Public;;Île-de-France>Paris>Paris>Paris 5e;75105;Paris 5e;Paris;Paris;Paris;Île-de-France;17 RUE DE LA SORBONNE;75230;PARIS CEDEX 05;France;Formations supérieures et recherche universitaire (Recherche et enseignement supérieur);17536;17836;17466;17110;16882;16481
0753465J;Institut des sciences et industries du vivant et de l'environnement;Agro Paris Tech;Grand établissement relevant d'un autre département ministériel;Public;;Île-de-France>Paris>Paris>Paris 5e;75105;Paris 5e;Paris;Paris;Paris;Île-de-France;16 RUE CLAUDE BERNARD;75231;PARIS CEDEX 05;France;Enseignement supérieur et recherche agricoles (Recherche et enseignement supérieur);1976;2062;2103;2076;2182;2172
0753742K;École des hautes études en sciences sociales;EHESS;Grand établissement;Public;;Île-de-France>Paris>Paris>Paris 13e;75113;Paris 13e;Paris;Paris;Paris;Île-de-France;190 AVENUE AVENUE DE FRANCE;75013;PARIS;France;Formations supérieures et recherche universitaire (Recherche et enseignement supérieur);2689;2733;2576;2712;2773;2845
0801344B;Université de Picardie Jules-Verne;UPJV;Université;Public;;Hauts-de-France>Amiens>Somme>Amiens;80021;Amiens;Amiens;Somme;Amiens;Hauts-de-France;CHEMIN DU THIL;80021;AMIENS CEDEX 1;France;Formations supérieures et recherche universitaire (Recherche et enseignement supérieur);22243;22757;23557;23509;23816;25403
0750043P;École d'ingénieur de la ville de Paris;EIVP;Etablissement relevant d'un autre département ministériel rattaché à un EPSCP;Public;École nationale des ponts et chaussées;Île-de-France>Paris>Paris>Paris 19e;75119;Paris 19e;Paris;Paris;Paris;Île-de-France;78 RUE REBEVAL;75019;PARIS;France;;234;228;254;289;318;360
0693623N;École supérieure de chimie physique électronique de Lyon;CPE Lyon;École d'ingénieurs;Privé;;Auvergne-Rhône-Alpes>Lyon>Rhône>Villeurbanne;69266;Villeurbanne;Lyon;Rhône;Lyon;Auvergne-Rhône-Alpes;43 BOULEVARD DU 11 NOVEMBRE 1918;69616;VILLEURBANNE CEDEX;France;;1152;1177;1213;1214;1236;1243
0753480A;Collège de France;;Grand établissement;Public;;Île-de-France>Paris>Paris>Paris 5e;75105;Paris 5e;Paris;Paris;Paris;Île-de-France;11 PLACE MARCELIN BERTHELOT;75231;PARIS CEDEX 05;France;Formations supérieures et recherche universitaire (Recherche et enseignement supérieur);0;0;0;0;0;0
0330192E;Institut d'études politiques de Bordeaux;IEP de Bordeaux;Institut d'étude politique;Public;Université de Bordeaux;Nouvelle-Aquitaine>Bordeaux>Gironde>Pessac;33318;Pessac;Bordeaux;Gironde;Bordeaux;Nouvelle-Aquitaine;11 ALLÉE AUSONE DOM UNIV;33607;PESSAC CEDEX;France;Formations supérieures et recherche universitaire (Recherche et enseignement supérieur);0;0;0;0;0;0
0350937D;Université Rennes 2;;Université;Public;;Bretagne>Ille-et-Vilaine>Rennes;35238;Rennes;Rennes;Ille-et-Vilaine;Rennes;Bretagne;PLACE DU RECTEUR LE MOAL;35043;RENNES CEDEX;France;Formations supérieures et recherche universitaire (Recherche et enseignement supérieur);17836;19478;20650;20632;21249;22294
0450855K;Université d'Orléans;;Université;Public;;Centre-Val de Loire>Loiret>Orléans;45234;Orléans;Orléans;Loiret;Orléans-Tours;Centre-Val de Loire;CHATEAU DE LA SOURCE;45067;ORLEANS CEDEX 2;France;Formations supérieures et recherche universitaire (Recherche et enseignement supérieur);14081;14433;13884;14153;14238;15475
0380134P;Institut d'études politiques de Grenoble;IEP de Grenoble;Institut d'étude politique;Public;Université Pierre Mendès France;Auvergne-Rhône-Alpes>Grenoble>Isère>Saint-Martin-d'Hères;38421;Saint-Martin-d'Hères;Grenoble;Isère;Grenoble;Auvergne-Rhône-Alpes;1030 AVENUE CENTRALE;38040;GRENOBLE CEDEX;France;Formations supérieures et recherche universitaire (Recherche et enseignement supérieur);0;0;0;0;0;0
0590346F;Skema Business School;Skema;Établissements d'enseignement supérieur privés rattachés à un EPSCP;Privé;École centrale de Lille;Hauts-de-France>Lille>Nord>Lille;59350;Lille;Lille;Nord;Lille;Hauts-de-France;AVENUE WILLY BRANDT;59777;EURALILLE;France;;5130;5408;6306;6473;6187;6546
0352692L;Institut supérieur des sciences agronomiques, agroalimentaires, horticoles et du paysage;Agro campus Ouest;Grand établissement relevant d'un autre département ministériel;Public;;Bretagne>Ille-et-Vilaine>Rennes;35238;Rennes;Rennes;Ille-et-Vilaine;Rennes;Bretagne;65 RUE DE ST BRIEUC;35042;RENNES CEDEX;France;Enseignement supérieur et recherche agricoles (Recherche et enseignement supérieur);1243;1391;1403;1433;1423;1459
0352317D;Institut d'études politiques de Rennes;IEP de Rennes;Institut d'étude politique;Public;Université de Rennes 1;Bretagne>Ille-et-Vilaine>Rennes;35238;Rennes;Rennes;Ille-et-Vilaine;Rennes;Bretagne;104 BD DE LA DUCHESSE ANNE;35042;RENNES CEDEX;France;Formations supérieures et recherche universitaire (Recherche et enseignement supérieur);0;0;0;0;0;0
0350077U;École nationale supérieure de chimie de Rennes;ENS Chimie Rennes;Écoles nationales supérieures d'ingénieurs;Public;Université de Rennes 1;Bretagne>Ille-et-Vilaine>Rennes;35238;Rennes;Rennes;Ille-et-Vilaine;Rennes;Bretagne;11 ALLÉE DE BEAULIEU;35708;RENNES CEDEX 7;France;Formations supérieures et recherche universitaire (Recherche et enseignement supérieur);445;475;469;476;489;481
0333326L;KEDGE Business School;;École de commerce et de management;Privé;;Nouvelle-Aquitaine>Bordeaux>Gironde>Talence;33522;Talence;Bordeaux;Gironde;Bordeaux;Nouvelle-Aquitaine;680 COURS DE LA LIBERATION;33405;TALENCE CEDEX;France;;0;0;0;0;0;0
0352756F;Université Bretagne Loire;UBL;Communauté d'universités et établissements;Public;;Bretagne>Ille-et-Vilaine>Rennes;35238;Rennes;Rennes;Ille-et-Vilaine;Rennes;Bretagne;1 PLACE PAUL-RICOEUR;35044;RENNES CEDEX;France;Formations supérieures et recherche universitaire (Recherche et enseignement supérieur);0;0;0;0;0;0
0640251A;Université de Pau et des Pays de l'Adour;UPPA;Université;Public;;Nouvelle-Aquitaine>Bordeaux>Pyrénées-Atlantiques>Pau;64445;Pau;Pau;Pyrénées-Atlantiques;Bordeaux;Nouvelle-Aquitaine;AVENUE DE L UNIVERSITE;64012;PAU UNIVERSITE CEDEX;France;Formations supérieures et recherche universitaire (Recherche et enseignement supérieur);11401;11437;11301;11329;11774;11926
0590349J;École centrale de Lille;EC Lille;Instituts et écoles extérieurs aux universités;Public;;Hauts-de-France>Lille>Nord>Villeneuve-d'Ascq;59009;Villeneuve-d'Ascq;Lille;Nord;Lille;Hauts-de-France;CITE SCIENTIFIQUE;59651;VILLENEUVE D ASCQ CEDEX;France;Formations supérieures et recherche universitaire (Recherche et enseignement supérieur);1449;1438;1495;1562;1595;1658
0595964M;Université du Littoral Côte d'Opale;ULCO;Université;Public;;Hauts-de-France>Lille>Nord>Dunkerque;59183;Dunkerque;Dunkerque;Nord;Lille;Hauts-de-France;1 PLACE DE L'YSER;59375;DUNKERQUE CEDEX 1;France;Formations supérieures et recherche universitaire (Recherche et enseignement supérieur);10848;10145;10292;10071;9669;8370
0681166Y;Université de Haute-Alsace;UHA;Université;Public;;Grand Est>Strasbourg>Haut-Rhin>Mulhouse;68224;Mulhouse;Mulhouse;Haut-Rhin;Strasbourg;Grand Est;2 RUE DES FRERES LUMIERE;68093;MULHOUSE CEDEX;France;Formations supérieures et recherche universitaire (Recherche et enseignement supérieur);7974;7754;7539;7444;7692;8069
0593560Z;Université Lille 2 - Droit et Santé;;Université;Public;;Hauts-de-France>Lille>Nord>Lille;59350;Lille;Lille;Nord;Lille;Hauts-de-France;42 RUE PAUL DUEZ;59800;LILLE;France;Formations supérieures et recherche universitaire (Recherche et enseignement supérieur);26000;26616;27276;27911;28163;29318
0670189S;École nationale du génie de l'eau et de l'environnement de Strasbourg;ENGEES;Etablissement relevant d'un autre département ministériel rattaché à un EPSCP;Public;Université de Strasbourg;Grand Est>Strasbourg>Bas-Rhin>Strasbourg;67482;Strasbourg;Strasbourg;Bas-Rhin;Strasbourg;Grand Est;1 QUAI KOCH;67070;STRASBOURG CEDEX;France;Enseignement supérieur et recherche agricoles (Recherche et enseignement supérieur);319;329;330;324;325;335
0670190T;Institut national des sciences appliquées de Strasbourg;INSA Strasbourg;Instituts et écoles extérieurs aux universités;Public;;Grand Est>Strasbourg>Bas-Rhin>Strasbourg;67482;Strasbourg;Strasbourg;Bas-Rhin;Strasbourg;Grand Est;24 BOULEVARD DE LA VICTOIRE;67084;STRASBOURG CEDEX;France;Formations supérieures et recherche universitaire (Recherche et enseignement supérieur);1615;1670;1663;1702;1786;1930
0632035V;Université Clermont Auvergne;UCA;Université;Public;;Auvergne-Rhône-Alpes>Clermont-Ferrand>Puy-de-Dôme>Clermont-Ferrand;63113;Clermont-Ferrand;Clermont-Ferrand;Puy-de-Dôme;Clermont-Ferrand;Auvergne-Rhône-Alpes;49 BOULEVARD FRANCOIS MITTERRAND;63001;CLERMONT FERRAND CEDEX 1;France;Formations supérieures et recherche universitaire (Recherche et enseignement supérieur);29684;30069;29729;29971;29253;29727
0602099F;École supérieure de chimie organique et minérale;ESCOM;École d'ingénieurs;Privé;;Hauts-de-France>Amiens>Oise>Compiègne;60159;Compiègne;Compiègne;Oise;Amiens;Hauts-de-France;1 ALLEE DU RESEAU JM BUCKMASTER;60200;COMPIEGNE;France;;564;555;603;623;628;593
0600071B;Institut polytechnique LaSalle Beauvais;Esitpa;École d'ingénieurs;Privé;;Hauts-de-France>Amiens>Oise>Beauvais;60057;Beauvais;Beauvais;Oise;Amiens;Hauts-de-France;19  RUE PIERRE WAGUET;60026;BEAUVAIS CEDEX;France;;1515;1583;1681;1736;1838;1828
0912266U;École nationale supérieure d'informatique pour l'industrie et l'entreprise;ENSIIE;Écoles nationales supérieures d'ingénieurs;Public;Université d'Évry-Val d'Essonne;Île-de-France>Versailles>Essonne>Évry;91228;Évry;Paris;Essonne;Versailles;Île-de-France;1 SQUARE DE LA RESISTANCE;91025;EVRY CEDEX;France;Formations supérieures et recherche universitaire (Recherche et enseignement supérieur);411;394;451;492;567;596
0940608A;École nationale vétérinaire d'Alfort;ENVA;Etablissement relevant d'un autre département ministériel rattaché à un EPSCP;Public;Université Paris-Est Créteil Val-de-Marne;Île-de-France>Créteil>Val-de-Marne>Maisons-Alfort;94046;Maisons-Alfort;Paris;Val-de-Marne;Créteil;Île-de-France;7 AVENUE DU GENERAL DE GAULLE;94704;MAISONS ALFORT CEDEX;France;Enseignement supérieur et recherche agricoles (Recherche et enseignement supérieur);636;680;644;650;682;682
0930603A;Institut supérieur de mécanique de Paris;Supméca;Instituts et écoles extérieurs aux universités;Public;;Île-de-France>Créteil>Seine-Saint-Denis>Saint-Ouen;93070;Saint-Ouen;Paris;Seine-Saint-Denis;Créteil;Île-de-France;3 RUE FERNAND HAINAUT;93407;ST OUEN CEDEX;France;Formations supérieures et recherche universitaire (Recherche et enseignement supérieur);622;629;665;720;671;630
9710585J;Université des Antilles;;Université;Public;;Guadeloupe>Pointe-à-Pitre;97120;Pointe-à-Pitre;Pointe-à-Pitre - Les Abymes;Guadeloupe;Guadeloupe;Guadeloupe;;97157;POINTE A PITRE CEDEX;France;Formations supérieures et recherche universitaire (Recherche et enseignement supérieur);12663;12710;12820;12705;9845;10504
0910725U;Institut d'Optique Graduate School;IOGS;Établissements d'enseignement supérieur privés rattachés à un EPSCP;Privé;Université Paris-Sud;Île-de-France>Versailles>Essonne>Palaiseau;91477;Palaiseau;Paris;Essonne;Versailles;Île-de-France;2 AVENUE AUGUSTIN FRESNEL;91127;PALAISEAU CEDEX;France;Formations supérieures et recherche universitaire (Recherche et enseignement supérieur);306;351;373;414;423;447
9730429D;Université de Guyane;;Université;Public;;Guyane>Cayenne;97302;Cayenne;Cayenne;Guyane;Guyane;Guyane;2091 ROUTE DE BADUEL;97337;CAYENNE CEDEX;France;Formations supérieures et recherche universitaire (Recherche et enseignement supérieur);0;0;0;0;2078;2234
0912330N;Université Paris-Saclay;;Communauté d'universités et établissements;Public;;Île-de-France>Versailles>Essonne>Saint-Aubin;91538;Saint-Aubin;Paris;Essonne;Versailles;Île-de-France;ROUTE DE L'ORME AUX MERISIERS - RD 128;91190;ST AUBIN;France;Formations supérieures et recherche universitaire (Recherche et enseignement supérieur);0;0;0;0;0;0
0932066R;École nationale supérieure Louis Lumière;ENSLL;Autre établissement;Public;;Île-de-France>Créteil>Seine-Saint-Denis>Noisy-le-Grand;93051;Noisy-le-Grand;Paris;Seine-Saint-Denis;Créteil;Île-de-France;ALLEE DU PROMONTOIRE;93161;NOISY LE GRAND CEDEX;France;Formations supérieures et recherche universitaire (Recherche et enseignement supérieur);0;0;0;0;0;0
3010001R;Institut français d'archéologie orientale du Caire;IFAO;École française à l'étranger;Public;;Étranger>Le Caire;;Le Caire;Étranger;Étranger;Étranger;Étranger;MOUNIRA BP QASR EL AINI;;11562 LE CAIRE;Égypte;Formations supérieures et recherche universitaire (Recherche et enseignement supérieur);0;0;0;0;0;0
0952198Y;Institut polytechnique Grand Paris;IPGP;Communauté d'universités et établissements;Public;;Île-de-France>Versailles>Val-d'Oise>Cergy;95127;Cergy;Paris;Val-d'Oise;Versailles;Île-de-France;6 AVENUE DU PONCEAU;95014;CERGY PONTOISE CEDEX;France;Formations supérieures et recherche universitaire (Recherche et enseignement supérieur);0;0;0;0;0;0
0211237F;Université de Bourgogne;;Université;Public;;Bourgogne-Franche-Comté>Dijon>Côte-d'Or>Dijon;21231;Dijon;Dijon;Côte-d'Or;Dijon;Bourgogne-Franche-Comté;;21078;DIJON CEDEX;France;Formations supérieures et recherche universitaire (Recherche et enseignement supérieur);26118;26551;26254;26326;26357;26471
0751721N;Université Paris Descartes;;Université;Public;;Île-de-France>Paris>Paris>Paris 6e;75106;Paris 6e;Paris;Paris;Paris;Île-de-France;12 RUE DE L'ECOLE DE MEDECINE;75270;PARIS CEDEX 06;France;Formations supérieures et recherche universitaire (Recherche et enseignement supérieur);33209;31794;30988;30412;32978;33664
0311384L;Université de Toulouse 3 - Paul Sabatier;;Université;Public;;Occitanie>Toulouse>Haute-Garonne>Toulouse;31555;Toulouse;Toulouse;Haute-Garonne;Toulouse;Occitanie;118 ROUTE DE NARBONNE;31062;TOULOUSE CEDEX;France;Formations supérieures et recherche universitaire (Recherche et enseignement supérieur);27432;27653;28397;28766;29485;30562
9760358K;Centre Universitaire de Mayotte;CU de Mayotte;Autre établissement;Public;;Mayotte>Dembeni;97607;Dembeni;Dembeni;Mayotte;Mayotte;Mayotte;ROUTE NATIONALE 3;97660;DEMBENI;France;Formations supérieures et recherche universitaire (Recherche et enseignement supérieur);0;0;607;719;801;1048
0750736T;Université Paris-Dauphine;Paris-Dauphine;Grand établissement;Public;;Île-de-France>Paris>Paris>Paris 16e;75116;Paris 16e;Paris;Paris;Paris;Île-de-France;PLACE DU MARECHAL DE TASSIGNY;75775;PARIS CEDEX 16;France;Formations supérieures et recherche universitaire (Recherche et enseignement supérieur);9459;9717;9676;10237;9507;10176
0751717J;Université Paris 1 - Panthéon Sorbonne;;Université;Public;;Île-de-France>Paris>Paris>Paris 5e;75105;Paris 5e;Paris;Paris;Paris;Île-de-France;12 PLACE DU PANTHEON;75231;PARIS CEDEX 05;France;Formations supérieures et recherche universitaire (Recherche et enseignement supérieur);37908;39224;38833;40021;39532;39953
0720916E;Université du Maine;;Université;Public;;Pays de la Loire>Sarthe>Le Mans;72181;Le Mans;Le Mans;Sarthe;Nantes;Pays de la Loire;AVENUE OLIVIER MESSIAEN;72017;LE MANS CEDEX 1;France;Formations supérieures et recherche universitaire (Recherche et enseignement supérieur);10265;10258;10470;10323;9719;9699
0751720M;Université Paris-Sorbonne;;Université;Public;;Île-de-France>Paris>Paris>Paris 5e;75105;Paris 5e;Paris;Paris;Paris;Île-de-France;1 RUE VICTOR COUSIN;75230;PARIS CEDEX 05;France;Formations supérieures et recherche universitaire (Recherche et enseignement supérieur);21086;20905;21244;20630;19698;20067
0692566P;École nationale des travaux publics de l'État;ENTPE;École extérieure relevant d'un autre département ministériel;Public;;Auvergne-Rhône-Alpes>Lyon>Rhône>Vaulx-en-Velin;69256;Vaulx-en-Velin;Lyon;Rhône;Lyon;Auvergne-Rhône-Alpes;3 RUE MAURICE AUDIN;69518;VAULX EN VELIN CEDEX;France;Conduite et pilotage des politiques de l'écologie, de l'énergie, du développement durable et de la mer;615;620;580;575;591;667
0694123G;École normale supérieure de Lyon;ENS de Lyon;École normale supérieure;Public;;Auvergne-Rhône-Alpes>Lyon>Rhône>Lyon 7e;69387;Lyon 7e;Lyon;Rhône;Lyon;Auvergne-Rhône-Alpes;15 PARVIS RENE DESCARTES;69342;LYON CEDEX 07;France;Formations supérieures et recherche universitaire (Recherche et enseignement supérieur);1528;1612;1790;1820;2053;1928
0751718K;Université Panthéon-Assas;;Université;Public;;Île-de-France>Paris>Paris>Paris 5e;75105;Paris 5e;Paris;Paris;Paris;Île-de-France;12 PLACE DU PANTHEON;75231;PARIS CEDEX 05;France;Formations supérieures et recherche universitaire (Recherche et enseignement supérieur);15602;15371;15804;16526;16592;16989
0730858L;Université de Savoie;;Université;Public;;Auvergne-Rhône-Alpes>Grenoble>Savoie>Chambéry;73065;Chambéry;Chambéry;Savoie;Grenoble;Auvergne-Rhône-Alpes;27 RUE MARCOZ;73011;CHAMBERY CEDEX;France;Formations supérieures et recherche universitaire (Recherche et enseignement supérieur);11650;11890;12478;12487;12611;13213
0753375L;École nationale supérieure de chimie de Paris;ENS Chimie de Paris;Écoles nationales supérieures d'ingénieurs;Public;Université Pierre et Marie Curie;Île-de-France>Paris>Paris>Paris 5e;75105;Paris 5e;Paris;Paris;Paris;Île-de-France;11 RUE PIERRE ET MARIE CURIE;75231;PARIS CEDEX 05;France;Formations supérieures et recherche universitaire (Recherche et enseignement supérieur);298;321;326;317;322;320
0694094A;Université de Lyon;UDL;Communauté d'universités et établissements;Public;;Auvergne-Rhône-Alpes>Lyon>Rhône>Lyon 7e;69387;Lyon 7e;Lyon;Rhône;Lyon;Auvergne-Rhône-Alpes;92 RUE PASTEUR;69361;LYON CEDEX 07;France;Formations supérieures et recherche universitaire (Recherche et enseignement supérieur);0;0;0;0;0;0
0772502B;Université Paris-Est Marne-la-Vallée;UPEM;Université;Public;;Île-de-France>Créteil>Seine-et-Marne>Champs-sur-Marne;77083;Champs-sur-Marne;Paris;Seine-et-Marne;Créteil;Île-de-France;5 BOULEVARD DESCARTES;77454;MARNE LA VALLEE CEDEX;France;Formations supérieures et recherche universitaire (Recherche et enseignement supérieur);10522;10691;10479;10639;10556;11228
0870669E;Université de Limoges;;Université;Public;;Nouvelle-Aquitaine>Limoges>Haute-Vienne>Limoges;87085;Limoges;Limoges;Haute-Vienne;Limoges;Nouvelle-Aquitaine;33 RUE FRANCOIS MITTERAND;87032;LIMOGES CEDEX 01;France;Formations supérieures et recherche universitaire (Recherche et enseignement supérieur);14274;14199;14568;14796;14950;15034
0761904G;Université de Rouen;;Université;Public;;Normandie>Rouen>Seine-Maritime>Mont-Saint-Aignan;76451;Mont-Saint-Aignan;Rouen;Seine-Maritime;Rouen;Normandie;1 RUE THOMAS BECKET;76821;MONT ST AIGNAN CEDEX;France;Formations supérieures et recherche universitaire (Recherche et enseignement supérieur);23942;24145;25180;25450;25304;26682
0921204J;Université Paris Nanterre;;Université;Public;;Île-de-France>Versailles>Hauts-de-Seine>Nanterre;92050;Nanterre;Paris;Hauts-de-Seine;Versailles;Île-de-France;200 AVENUE DE LA REPUBLIQUE;92001;NANTERRE CEDEX;France;Formations supérieures et recherche universitaire (Recherche et enseignement supérieur);29866;31807;31928;32381;31459;31606
0781944P;Université de Versailles Saint-Quentin-en-Yvelines;;Université;Public;;Île-de-France>Versailles>Yvelines>Versailles;78646;Versailles;Paris;Yvelines;Versailles;Île-de-France;55 AVENUE DE PARIS;78035;VERSAILLES CEDEX;France;Formations supérieures et recherche universitaire (Recherche et enseignement supérieur);15142;15420;16126;16925;15799;15661
0772551E;École d'architecture de la ville et des territoires à Marne-la-Vallée;ENSA VT;Établissement supérieur d'architecture;Public;;Île-de-France>Créteil>Seine-et-Marne>Champs-sur-Marne;77083;Champs-sur-Marne;Paris;Seine-et-Marne;Créteil;Île-de-France;10  AVENUE BLAISE PASCAL;77420;CHAMPS SUR MARNE;France;;0;0;0;0;0;0
0760168V;École de management de Normandie;EM Normandie;Autre établissement;Privé;;Normandie>Rouen>Seine-Maritime>Le Havre;76351;Le Havre;Le Havre;Seine-Maritime;Rouen;Normandie;30 RUE DE RICHELIEU;76087;LE HAVRE CEDEX;France;;1846;2115;2213;2428;2587;2438
0941954N;École supérieure d'ingénieurs des travaux de la construction de Cachan;ESITC;École d'ingénieurs;Privé;;Île-de-France>Créteil>Val-de-Marne>Cachan;94016;Cachan;Paris;Val-de-Marne;Créteil;Île-de-France;28 AVENUE DU PRESIDENT WILSON;94234;CACHAN CEDEX;France;;249;255;259;291;311;321
0941934S;École d'ingénieur généraliste en informatique et technologies du numérique;EFREI;École d'ingénieurs;Privé;;Île-de-France>Créteil>Val-de-Marne>Villejuif;94076;Villejuif;Paris;Val-de-Marne;Créteil;Île-de-France;30  AVENUE DE LA REPUBLIQUE;94800;VILLEJUIF;France;;1169;1289;1206;1122;1084;1144
0831458J;Institut supérieur de l'électronique et du numérique;Yncréa Méditerranée;École d'ingénieurs;Privé;;Provence-Alpes-Côte d'Azur>Nice>Var>Toulon;83137;Toulon;Toulon;Var;Nice;Provence-Alpes-Côte d'Azur;Place GEORGES POMPIDOU;83000;TOULON;France;;276;278;314;371;419;477
0490076S;École supérieure des sciences commerciales d'Angers;ESSCA;Autre établissement;Privé;;Pays de la Loire>Maine-et-Loire>Angers;49007;Angers;Angers;Maine-et-Loire;Nantes;Pays de la Loire;1 RUE LAKANAL;49003;ANGERS CEDEX 01;France;;2219;2285;2369;2502;2650;2886
0593559Y;Université Lille 1 - Sciences technologies;;Université;Public;;Hauts-de-France>Lille>Nord>Villeneuve-d'Ascq;59009;Villeneuve-d'Ascq;Lille;Nord;Lille;Hauts-de-France;CITE SCIENTIFIQUE;59655;VILLENEUVE D'ASCQ CEDEX;France;Formations supérieures et recherche universitaire (Recherche et enseignement supérieur);19191;19397;19775;20125;19380;21087
0593279U;Université de Valenciennes et du Hainaut-Cambrésis;;Université;Public;;Hauts-de-France>Lille>Nord>Aulnoy-lez-Valenciennes;59032;Aulnoy-lez-Valenciennes;Valenciennes;Nord;Lille;Hauts-de-France;;59300;AULNOY LEZ VALENCIENNES;France;Formations supérieures et recherche universitaire (Recherche et enseignement supérieur);10186;10051;10110;10243;10369;10849
0632033T;SIGMA Clermont;SIGMA;École d'ingénieurs;Public;;Auvergne-Rhône-Alpes>Clermont-Ferrand>Puy-de-Dôme>Aubière;63014;Aubière;Clermont-Ferrand;Puy-de-Dôme;Clermont-Ferrand;Auvergne-Rhône-Alpes;27 RUE DE ROCHE GENES;63178;AUBIERE CEDEX;France;Formations supérieures et recherche universitaire (Recherche et enseignement supérieur);921;921;974;984;961;944
0590343C;Groupe Institut supérieur d'agriculture de Lille;Isa;École d'ingénieurs;Privé;;Hauts-de-France>Lille>Nord>Lille;59350;Lille;Lille;Nord;Lille;Hauts-de-France;48 BOULEVARD VAUBAN;59046;LILLE CEDEX;France;;689;738;966;1044;1070;1084
0492246A;École supérieure angevine en informatique et productique;ESAIP;École d'ingénieurs;Privé;;Pays de la Loire>Maine-et-Loire>Saint-Barthélemy-d'Anjou;49267;Saint-Barthélemy-d'Anjou;Angers;Maine-et-Loire;Nantes;Pays de la Loire;18 RUE DU 8 MAI 1945;49180;ST BARTHELEMY D ANJOU CEDE;France;;335;389;412;419;456;471
0490811R;Facultés libres de l'Ouest;FLO;Établissement privé d'enseignement universitaire;Privé;;Pays de la Loire>Maine-et-Loire>Angers;49007;Angers;Angers;Maine-et-Loire;Nantes;Pays de la Loire;3  PLACE ANDRE LEROY;49008;ANGERS CEDEX 01;France;;7318;7670;7842;7641;7601;8295
0490075R;École supérieure d'électronique de l'Ouest;ESEO;École d'ingénieurs;Privé;;Pays de la Loire>Maine-et-Loire>Angers;49007;Angers;Angers;Maine-et-Loire;Nantes;Pays de la Loire;10 BOULEVARD JEANNETEAU;49107;ANGERS CEDEX 02;France;;941;992;977;1033;1097;1209
0596870X;Université Lille Nord de France;;Communauté d'universités et établissements;Public;;Hauts-de-France>Lille>Nord>Villeneuve-d'Ascq;59009;Villeneuve-d'Ascq;Lille;Nord;Lille;Hauts-de-France;365 BIS RUE JULES GUESDE;59658;VILLENEUVE D ASCQ CEDEX;France;Formations supérieures et recherche universitaire (Recherche et enseignement supérieur);0;0;0;0;0;0
0692353H;Institut supérieur d’agriculture Rhône-Alpes;Isara-Lyon;École d'ingénieurs;Privé;;Auvergne-Rhône-Alpes>Lyon>Rhône>Lyon 7e;69387;Lyon 7e;Lyon;Rhône;Lyon;Auvergne-Rhône-Alpes;23 RUE JEAN BALDASSINI;69364;LYON CEDEX 07;France;;0;0;0;0;0;0
0753478Y;École nationale des Chartes;ENC;Grand établissement;Public;;Île-de-France>Paris>Paris>Paris 2e;75102;Paris 2e;Paris;Paris;Paris;Île-de-France;65 RUE DE RICHELIEU;75002;PARIS;France;Formations supérieures et recherche universitaire (Recherche et enseignement supérieur);122;135;131;125;114;146
0760165S;Institut national des sciences appliquées de Rouen;INSA Rouen;Instituts et écoles extérieurs aux universités;Public;;Normandie>Rouen>Seine-Maritime>Saint-Étienne-du-Rouvray;76575;Saint-Étienne-du-Rouvray;Rouen;Seine-Maritime;Rouen;Normandie;AVENUE DE L'UNIVERSITE;76801;ST ETIENNE ROUVRAY CEDEX;France;Formations supérieures et recherche universitaire (Recherche et enseignement supérieur);1673;1689;1693;1746;1760;1775
0753496T;Observatoire de Paris;;Grand établissement;Public;;Île-de-France>Paris>Paris>Paris 14e;75114;Paris 14e;Paris;Paris;Paris;Île-de-France;61 AVENUE DE L'OBSERVATOIRE;75014;PARIS;France;Formations supérieures et recherche universitaire (Recherche et enseignement supérieur);93;95;103;96;102;92
0755574B;Sorbonne Universités;;Communauté d'universités et établissements;Public;;Île-de-France>Paris>Paris>Paris 5e;75105;Paris 5e;Paris;Paris;Paris;Île-de-France;26, RUE DES FOSSÉS SAINT-JACQUES;75005;PARIS;France;Formations supérieures et recherche universitaire (Recherche et enseignement supérieur);0;0;0;0;0;0
0753428U;Institut de physique du globe;IPG;Grand établissement;Public;;Île-de-France>Paris>Paris>Paris 5e;75105;Paris 5e;Paris;Paris;Paris;Île-de-France;4 PLACE JUSSIEU;75252;PARIS CEDEX 05;France;Formations supérieures et recherche universitaire (Recherche et enseignement supérieur);131;88;86;83;82;78
0755661W;Institut Mines-Télécom;IMT;Grand établissement relevant d'un autre département ministériel;Public;;Île-de-France>Paris>Paris>Paris 13e;75113;Paris 13e;Paris;Paris;Paris;Île-de-France;46 RUE BARRAULT;75634;PARIS CEDEX 13;France;Recherche et enseignement supérieur en matière économique et industrielle;0;0;0;0;0;0
0755373H;Institut catholique d'arts et métiers;ICAM;École d'ingénieurs;Privé;;Île-de-France>Paris>Paris>Paris 8e;75108;Paris 8e;Paris;Paris;Paris;Île-de-France;35 RUE DE LA BIENFAISANCE;75008;PARIS;France;;0;0;0;0;0;0
0755754X;Groupe des écoles nationales d'économie et statistique;GENES;Grand établissement relevant d'un autre département ministériel;Public;;Île-de-France>Paris>Paris>Paris 14e;75114;Paris 14e;Paris;Paris;Paris;Île-de-France;18, Boulevard Adolphe Pinard;75574;PARIS Cedex 14;France;Recherche et enseignement supérieur en matière économique et industrielle;0;0;0;0;0;0
0755698L;Université Paris Lumières;;Communauté d'universités et établissements;Public;;Île-de-France>Paris>Paris>Paris 4e;75104;Paris 4e;Paris;Paris;Paris;Île-de-France;57 RUE DES FRANCS-BOURGEOIS;75004;PARIS;France;Formations supérieures et recherche universitaire (Recherche et enseignement supérieur);0;0;0;0;0;0
0753605L;Institut protestant de théologie;IPT;Établissement privé d'enseignement universitaire;Privé;;Île-de-France>Paris>Paris>Paris 14e;75114;Paris 14e;Paris;Paris;Paris;Île-de-France;83 BOULEVARD ARAGO;75014;PARIS;France;;0;0;0;0;0;0
0350936C;Université de Rennes 1;;Université;Public;;Bretagne>Ille-et-Vilaine>Rennes;35238;Rennes;Rennes;Ille-et-Vilaine;Rennes;Bretagne;2 RUE DU THABOR;35065;RENNES CEDEX;France;Formations supérieures et recherche universitaire (Recherche et enseignement supérieur);25132;25892;25576;25662;25803;27082
0171463Y;Université de La Rochelle;;Université;Public;;Nouvelle-Aquitaine>Poitiers>Charente-Maritime>La Rochelle;17300;La Rochelle;La Rochelle;Charente-Maritime;Poitiers;Nouvelle-Aquitaine;23 AVENUE ALBERT EINSTEIN;17071;LA ROCHELLE CEDEX 9;France;Formations supérieures et recherche universitaire (Recherche et enseignement supérieur);7367;7528;7344;7331;7382;7875
0251215K;Université de Franche-Comté;UFC;Université;Public;;Bourgogne-Franche-Comté>Besançon>Doubs>Besançon;25056;Besançon;Besançon;Doubs;Besançon;Bourgogne-Franche-Comté;1 RUE GOUDIMEL;25030;BESANCON CEDEX;France;Formations supérieures et recherche universitaire (Recherche et enseignement supérieur);19578;19629;19627;19641;19654;20314
0350097R;Institut national des sciences appliquées de Rennes;INSA Rennes;Instituts et écoles extérieurs aux universités;Public;;Bretagne>Ille-et-Vilaine>Rennes;35238;Rennes;Rennes;Ille-et-Vilaine;Rennes;Bretagne;20 AVENUE DES BUTTES DE COESMES;35708;RENNES CEDEX 7;France;Formations supérieures et recherche universitaire (Recherche et enseignement supérieur);1656;1699;1748;1746;1799;1795
0340112M;École nationale supérieure de chimie de Montpellier;ENS Chimie Montpellier;Écoles nationales supérieures d'ingénieurs;Public;Université de Montpellier;Occitanie>Montpellier>Hérault>Montpellier;34172;Montpellier;Montpellier;Hérault;Montpellier;Occitanie;8 RUE DE L'ECOLE NORMALE;34296;MONTPELLIER CEDEX 5;France;Formations supérieures et recherche universitaire (Recherche et enseignement supérieur);432;422;440;439;440;463
0312758E;Université fédérale de Toulouse Midi-Pyrénées;;Communauté d'universités et établissements;Public;;Occitanie>Toulouse>Haute-Garonne>Toulouse;31555;Toulouse;Toulouse;Haute-Garonne;Toulouse;Occitanie;41 ALLÉES JULES GUESDE;31013;TOULOUSE CEDEX 6;France;Formations supérieures et recherche universitaire (Recherche et enseignement supérieur);0;0;0;0;0;0
0420093Y;École nationale d'ingénieurs de Saint-Étienne;ENISE;Instituts et écoles extérieurs aux universités;Public;;Auvergne-Rhône-Alpes>Lyon>Loire>Saint-Étienne;42218;Saint-Étienne;Saint-Étienne;Loire;Lyon;Auvergne-Rhône-Alpes;58 RUE JEAN PAROT;42023;ST ETIENNE CEDEX 2;France;Formations supérieures et recherche universitaire (Recherche et enseignement supérieur);779;816;833;853;895;939
0340137P;Montpellier Business School;;École de commerce et de management;Privé;;Occitanie>Montpellier>Hérault>Montpellier;34172;Montpellier;Montpellier;Hérault;Montpellier;Occitanie;2300 AVENUE DES MOULINS;34185;MONTPELLIER CEDEX 4;France;;0;0;0;0;0;0
0171427J;Groupe Sup de Co La Rochelle;;École de commerce et de management;Privé;;Nouvelle-Aquitaine>Poitiers>Charente-Maritime>La Rochelle;17300;La Rochelle;La Rochelle;Charente-Maritime;Poitiers;Nouvelle-Aquitaine;102 RUE DES COUREILLES;17000;LA ROCHELLE;France;;0;0;0;0;0;0
0951214D;École supérieure des sciences économiques et commerciales;Essec;Autre établissement;Privé;;Île-de-France>Versailles>Val-d'Oise>Cergy;95127;Cergy;Paris;Val-d'Oise;Versailles;Île-de-France;AVENUE BERNARD HIRSCH;95021;CERGY PONTOISE CEDEX;France;;4257;4220;4400;4369;4618;4868
0951376E;École nationale supérieure de l'électronique et de ses applications de Cergy;ENSEA;Écoles habilitées à délivrer un diplôme d'ingénieur;Public;;Île-de-France>Versailles>Val-d'Oise>Cergy;95127;Cergy;Paris;Val-d'Oise;Versailles;Île-de-France;6 AVENUE DU PONCEAU;95014;CERGY PONTOISE CEDEX;France;Formations supérieures et recherche universitaire (Recherche et enseignement supérieur);798;821;809;826;837;861
1340004B;Casa de Velázquez de Madrid;;École française à l'étranger;Public;;Étranger>Madrid;99134;Madrid;Madrid;Étranger;Étranger;Étranger;CIUDAD UNIVERSITARIA;;28040 MADRID;Espagne;Formations supérieures et recherche universitaire (Recherche et enseignement supérieur);0;0;0;0;0;0
5555555E;Centre-Val de Loire;;Communauté d'universités et établissements;Public;;Centre-Val de Loire>Loiret>Orléans;45234;Orléans;Orléans;Loiret;Orléans-Tours;Centre-Val de Loire;1 rue Dupanloup;45000;ORLEANS;France;Formations supérieures et recherche universitaire (Recherche et enseignement supérieur);0;0;0;0;0;0
0311381H;Institut national polytechnique de Toulouse;INPT;Institut national polytechnique;Public;;Occitanie>Toulouse>Haute-Garonne>Toulouse;31555;Toulouse;Toulouse;Haute-Garonne;Toulouse;Occitanie;6 ALLEE EMILE MONSO;31029;TOULOUSE CEDEX 04;France;Formations supérieures et recherche universitaire (Recherche et enseignement supérieur);3498;3559;3530;3617;3653;3681
0290346U;Université de Bretagne Occidentale;UBO;Université;Public;;Bretagne>Finistère>Brest;29019;Brest;Brest;Finistère;Rennes;Bretagne;3 RUE DES ARCHIVES;29238;BREST CEDEX 3;France;Formations supérieures et recherche universitaire (Recherche et enseignement supérieur);17059;16683;17174;17383;17797;19103
0311383K;Université Toulouse - Jean Jaurès;;Université;Public;;Occitanie>Toulouse>Haute-Garonne>Toulouse;31555;Toulouse;Toulouse;Haute-Garonne;Toulouse;Occitanie;5 ALLEES ANTONIO MACHADO;31058;TOULOUSE CEDEX;France;Formations supérieures et recherche universitaire (Recherche et enseignement supérieur);21824;22259;22971;23708;24022;24417
0290119X;École nationale d'ingénieurs de Brest;ENIB;Écoles nationales supérieures d'ingénieurs;Public;Université de Bretagne Occidentale;Bretagne>Finistère>Brest;29019;Brest;Brest;Finistère;Rennes;Bretagne;;29238;BREST CEDEX 2;France;Formations supérieures et recherche universitaire (Recherche et enseignement supérieur);667;676;651;663;638;628
0310133B;Institut d'études politiques de Toulouse;IEP de Toulouse;Institut d'étude politique;Public;Université Toulouse 1 - Capitole;Occitanie>Toulouse>Haute-Garonne>Toulouse;31555;Toulouse;Toulouse;Haute-Garonne;Toulouse;Occitanie;2 TER RUE DES PUITS CREUSES;31042;TOULOUSE CEDEX;France;Formations supérieures et recherche universitaire (Recherche et enseignement supérieur);0;0;0;0;0;0
0341089Z;Université Montpellier 3 - Paul-Valéry;UPV;Université;Public;;Occitanie>Montpellier>Hérault>Montpellier;34172;Montpellier;Montpellier;Hérault;Montpellier;Occitanie;ROUTE DE MENDE;34199;MONTPELLIER CEDEX 5;France;Formations supérieures et recherche universitaire (Recherche et enseignement supérieur);17079;18072;18687;19311;18369;19269
0333178A;Communauté d'universités et établissements d'Aquitaine;;Communauté d'universités et établissements;Public;;Nouvelle-Aquitaine>Bordeaux>Gironde>Bordeaux;33063;Bordeaux;Bordeaux;Gironde;Bordeaux;Nouvelle-Aquitaine;166 COURS DE L ARGONNE;33000;BORDEAUX;France;Formations supérieures et recherche universitaire (Recherche et enseignement supérieur);0;0;0;0;0;0
0342255S;Languedoc-Roussillon Universités;;Communauté d'universités et établissements;Public;;Occitanie>Montpellier>Hérault>Montpellier;34172;Montpellier;Montpellier;Hérault;Montpellier;Occitanie;163 RUE AUGUSTE BROUSSONNET;34197;MONTPELLIER CEDEX 5;France;Formations supérieures et recherche universitaire (Recherche et enseignement supérieur);0;0;0;0;0;0
0310154Z;École d'ingénieurs de Purpan;;École d'ingénieurs;Privé;;Occitanie>Toulouse>Haute-Garonne>Toulouse;31555;Toulouse;Toulouse;Haute-Garonne;Toulouse;Occitanie;75 VOIE DU TOEC;31076;TOULOUSE CEDEX 3;France;;0;0;0;0;0;0
0292125C;Institut supérieur de l'électronique et du numérique de Brest;Yncréa Ouest;École d'ingénieurs;Privé;;Bretagne>Finistère>Brest;29019;Brest;Brest;Finistère;Rennes;Bretagne;20 RUE CUIRASSE BRETAGNE;29228;BREST CEDEX 2;France;;287;303;373;397;396;412
0601223D;Université de technologie de Compiègne;UTC;Instituts et écoles extérieurs aux universités;Public;;Hauts-de-France>Amiens>Oise>Compiègne;60159;Compiègne;Compiègne;Oise;Amiens;Hauts-de-France;RUE ROGER COUTTOLENC;60206;COMPIEGNE CEDEX;France;Formations supérieures et recherche universitaire (Recherche et enseignement supérieur);3799;3955;4050;4053;3974;3940
0692437Z;Université Jean Moulin - Lyon 3;;Université;Public;;Auvergne-Rhône-Alpes>Lyon>Rhône>Lyon 7e;69387;Lyon 7e;Lyon;Rhône;Lyon;Auvergne-Rhône-Alpes;1 RUE DE L'UNIVERSITE;69239;LYON CEDEX 02;France;Formations supérieures et recherche universitaire (Recherche et enseignement supérieur);23138;24189;25239;25922;25828;27011
0590350K;École des hautes études commerciales du nord;Edhec;Autre établissement;Privé;;Hauts-de-France>Lille>Nord>Roubaix;59512;Roubaix;Lille;Nord;Lille;Hauts-de-France;24 AVENUE GUSTAVE DELORY;59057;ROUBAIX CEDEX 1;France;;4941;5321;5718;5671;5782;6380
0750252S;Institut supérieur du commerce de Paris;ISC Paris Business School;École de commerce et de management;Privé;;Île-de-France>Paris>Paris>Paris 17e;75117;Paris 17e;Paris;Paris;Paris;Île-de-France;22  BOULEVARD DU FORT DE VAUX;75848;PARIS CEDEX 17;France;;1810;1774;2044;1803;1483;1570
0693364G;Institut textile et chimique;ITECH;École d'ingénieurs;Privé;;Auvergne-Rhône-Alpes>Lyon>Rhône>Écully;69081;Écully;Lyon;Rhône;Lyon;Auvergne-Rhône-Alpes;87 CHEMIN DES MOUILLES;69134;ECULLY CEDEX;France;;339;356;398;428;458;444
0751871B;École nationale supérieure d'architecture de Paris-Malaquais;ENSAPB;Établissement supérieur d'architecture;Public;;Île-de-France>Paris>Paris>Paris 6e;75106;Paris 6e;Paris;Paris;Paris;Île-de-France;14  RUE BONAPARTE;75006;PARIS;France;;0;0;0;0;0;0
0752792C;IPAG Business School;;École de commerce et de management;Privé;;Île-de-France>Paris>Paris>Paris 6e;75106;Paris 6e;Paris;Paris;Paris;Île-de-France;184 BOULEVARD ST GERMAIN;75006;PARIS;France;;0;0;0;0;0;0
0673048Z;Haute École des arts du Rhin;HEAR;Autre établissement;Public;;Grand Est>Strasbourg>Bas-Rhin>Strasbourg;67482;Strasbourg;Strasbourg;Bas-Rhin;Strasbourg;Grand Est;1  RUE DE L'ACADEMIE;67082;STRASBOURG CEDEX;France;;0;0;0;0;0;0
0593207R;École supérieure de journalisme de Lille;ESJ;Autre établissement;Privé;;Hauts-de-France>Lille>Nord>Lille;59350;Lille;Lille;Nord;Lille;Hauts-de-France;50 RUE GAUTHIER DE CHATILLON;59046;LILLE CEDEX;France;;0;0;0;0;0;0
0381912X;Grenoble INP;;Grand établissement;Public;;Auvergne-Rhône-Alpes>Grenoble>Isère>Grenoble;38185;Grenoble;Grenoble;Isère;Grenoble;Auvergne-Rhône-Alpes;46 AVENUE FELIX VIALLET;38031;GRENOBLE CEDEX 1;France;Formations supérieures et recherche universitaire (Recherche et enseignement supérieur);4360;4489;4439;4691;4759;4976
0383493R;Université de Grenoble Alpes;UGA;Université;Public;;Auvergne-Rhône-Alpes>Grenoble>Isère>Saint-Martin-d'Hères;38421;Saint-Martin-d'Hères;Grenoble;Isère;Grenoble;Auvergne-Rhône-Alpes;621 AVENUE CENTRALE;38041;GRENOBLE CEDEX 9;France;Formations supérieures et recherche universitaire (Recherche et enseignement supérieur);38839;38167;38248;38934;39689;41176
0370800U;Université François-Rabelais;;Université;Public;;Centre-Val de Loire>Indre-et-Loire>Tours;37261;Tours;Tours;Indre-et-Loire;Orléans-Tours;Centre-Val de Loire;60 RUE RUE DU PLAT D'ETAIN;37000;TOURS;France;Formations supérieures et recherche universitaire (Recherche et enseignement supérieur);21855;22549;23075;22916;23495;24067
0440984F;Université de Nantes;;Université;Public;;Pays de la Loire>Loire-Atlantique>Nantes;44109;Nantes;Nantes;Loire-Atlantique;Nantes;Pays de la Loire;1 QUAI DE TOURVILLE;44035;NANTES CEDEX 1;France;Formations supérieures et recherche universitaire (Recherche et enseignement supérieur);33182;33017;33769;34337;35021;35717
0441916U;École nationale vétérinaire, agroalimentaire et de l'alimentation, Nantes-Atlantique;ONIRIS;Grand établissement relevant d'un autre département ministériel;Public;;Pays de la Loire>Loire-Atlantique>Nantes;44109;Nantes;Nantes;Loire-Atlantique;Nantes;Pays de la Loire;ROUTE DE GACHET;44307;NANTES CEDEX 3;France;Enseignement supérieur et recherche agricoles (Recherche et enseignement supérieur);601;599;596;632;661;661
0383412C;Université Grenoble Alpes;;Communauté d'universités et établissements;Public;;Auvergne-Rhône-Alpes>Grenoble>Isère>Saint-Martin-d'Hères;38421;Saint-Martin-d'Hères;Grenoble;Isère;Grenoble;Auvergne-Rhône-Alpes;271 RUE DE LA HOUILLE BLANCHE;38402;ST MARTIN D HERES CEDEX;France;Formations supérieures et recherche universitaire (Recherche et enseignement supérieur);3377;3597;3527;3462;3476;3300
0590348H;Hautes études d'ingénieur;HEI;École d'ingénieurs;Privé;;Hauts-de-France>Lille>Nord>Lille;59350;Lille;Lille;Nord;Lille;Hauts-de-France;13 RUE DE TOUL;59046;LILLE CEDEX;France;;1135;1223;1346;1356;1460;1494
0352440M;École normale supérieure de Rennes;ENS Rennes;École normale supérieure;Public;;Bretagne>Ille-et-Vilaine>Bruz;35047;Bruz;Rennes;Ille-et-Vilaine;Rennes;Bretagne;AVENUE ROBERT SCHUMAN;35170;BRUZ;France;;0;0;0;404;328;328
0512141A;Université de Champagne;;Communauté d'universités et établissements;Public;;Grand Est>Reims>Marne>Reims;51454;Reims;Reims;Marne;Reims;Grand Est;2 ESPLANADE ROLAND GARROS;51686;REIMS CEDEX 2;France;Formations supérieures et recherche universitaire (Recherche et enseignement supérieur);0;0;0;0;0;0
0490072M;École supérieure d’agriculture;ESA;École d'ingénieurs;Privé;;Pays de la Loire>Maine-et-Loire>Angers;49007;Angers;Angers;Maine-et-Loire;Nantes;Pays de la Loire;55 RUE RABELAIS;49007;ANGERS CEDEX 01;France;;0;0;0;0;0;0
0753431X;Institut d'études politiques de Paris;IEP de Paris;Grand établissement;Public;;Île-de-France>Paris>Paris>Paris 7e;75107;Paris 7e;Paris;Paris;Paris;Île-de-France;27 RUE SAINT GUILLAUME;75337;PARIS CEDEX 07;France;Formations supérieures et recherche universitaire (Recherche et enseignement supérieur);7592;8307;8597;8792;9062;9427
0753237L;École nationale supérieure d'arts et métiers;ENSAM;Grand établissement;Public;;Île-de-France>Paris>Paris>Paris 13e;75113;Paris 13e;Paris;Paris;Paris;Île-de-France;151 BOULEVARD DE L'HOPITAL;75013;PARIS;France;Formations supérieures et recherche universitaire (Recherche et enseignement supérieur);5286;5522;5635;5726;5703;5646
0753494R;Muséum national d'histoire naturelle;MNHN;Grand établissement;Public;;Île-de-France>Paris>Paris>Paris 5e;75105;Paris 5e;Paris;Paris;Paris;Île-de-France;57 RUE CUVIER;75005;PARIS;France;Formations supérieures et recherche universitaire (Recherche et enseignement supérieur);371;385;324;329;361;376
0753486G;École pratique des hautes études;EPHE;Grand établissement;Public;;Île-de-France>Paris>Paris>Paris 14e;75114;Paris 14e;Paris;Paris;Paris;Île-de-France;4 RUE FERRUS;75014;PARIS;France;Formations supérieures et recherche universitaire (Recherche et enseignement supérieur);1254;1210;1224;1232;1218;1157
0760166T;École nationale supérieure maritime;ENSM;Grand établissement relevant d'un autre département ministériel;Public;;Normandie>Rouen>Seine-Maritime>Le Havre;76351;Le Havre;Le Havre;Seine-Maritime;Rouen;Normandie;10 QUAI FRISSARD;76600;LE HAVRE;France;Sécurité et affaires maritimes, pêche et aquaculture;0;791;729;365;558;790
0755700N;Université de recherche Paris sciences et lettres - PSL Research University;PSL;Communauté d'universités et établissements;Public;;Île-de-France>Paris>Paris>Paris 5e;75105;Paris 5e;Paris;Paris;Paris;Île-de-France;62 BIS RUE GAY LUSSAC;75005;PARIS;France;Formations supérieures et recherche universitaire (Recherche et enseignement supérieur);0;0;0;0;0;0
0754493B;Institut de management et de communication interculturels;ISIT;Autre établissement;Privé;;Île-de-France>Paris>Paris>Paris 6e;75106;Paris 6e;Paris;Paris;Paris;Île-de-France;21 RUE D'ASSAS;75270;PARIS CEDEX 06;France;;0;0;0;0;0;0
0060931E;Université Nice - Sophia-Antipolis;;Université;Public;;Provence-Alpes-Côte d'Azur>Nice>Alpes-Maritimes>Nice;6088;Nice;Nice;Alpes-Maritimes;Nice;Provence-Alpes-Côte d'Azur;28 AVENUE VALROSE;6103;NICE CEDEX 2;France;Formations supérieures et recherche universitaire (Recherche et enseignement supérieur);26197;25821;25020;26120;26382;28135
0141720U;École nationale supérieure d'ingénieurs de Caen;ENSI Caen;Écoles nationales supérieures d'ingénieurs;Public;;Normandie>Caen>Calvados>Caen;14118;Caen;Caen;Calvados;Caen;Normandie;6 BOULEVARD MARECHAL JUIN;14050;CAEN CEDEX;France;Formations supérieures et recherche universitaire (Recherche et enseignement supérieur);685;680;701;707;727;716
0130221V;Institut d'études politiques d'Aix-en-Provence;IEP d'Aix-en-Provence;Institut d'étude politique;Public;Aix-Marseille université;Provence-Alpes-Côte d'Azur>Aix-Marseille>Bouches-du-Rhône>Aix-en-Provence;13001;Aix-en-Provence;Marseille - Aix-en-Provence;Bouches-du-Rhône;Aix-Marseille;Provence-Alpes-Côte d'Azur;25 RUE GASTON DE SAPORTA;13625;AIX EN PROVENCE CEDEX 1;France;Formations supérieures et recherche universitaire (Recherche et enseignement supérieur);0;0;0;0;0;0
0101059X;Groupe École Supérieure de Commerce de Troyes;Groupe ESC Troyes;École de commerce et de management;Privé;;Grand Est>Reims>Aube>Troyes;10387;Troyes;Troyes;Aube;Reims;Grand Est;217 AVENUE PIERRE BROSSOLETTE;10000;TROYES;France;;0;0;0;0;0;0
0911101C;Université Paris-Sud;;Université;Public;;Île-de-France>Versailles>Essonne>Orsay;91471;Orsay;Paris;Essonne;Versailles;Île-de-France;15 RUE GEORGES CLEMENCEAU;91405;ORSAY CEDEX;France;Formations supérieures et recherche universitaire (Recherche et enseignement supérieur);27307;27289;27603;28552;28242;28632
0900424X;Université de technologie de Belfort-Montbéliard;UTBM;Instituts et écoles extérieurs aux universités;Public;;Bourgogne-Franche-Comté>Besançon>Territoire de Belfort>Sevenans;90094;Sevenans;Sevenans;Territoire de Belfort;Besançon;Bourgogne-Franche-Comté;RUE DU CHATEAU;90400;SEVENANS;France;Formations supérieures et recherche universitaire (Recherche et enseignement supérieur);2545;2697;2724;2741;2806;2886
0931238R;Université Paris 13 - Paris Nord;;Université;Public;;Île-de-France>Créteil>Seine-Saint-Denis>Villetaneuse;93079;Villetaneuse;Paris;Seine-Saint-Denis;Créteil;Île-de-France;AVENUE JEAN BAPTISTE CLEMENT;93430;VILLETANEUSE;France;Formations supérieures et recherche universitaire (Recherche et enseignement supérieur);21284;21920;21086;20926;20391;20750
0762762P;Université du Havre;;Université;Public;;Normandie>Rouen>Seine-Maritime>Le Havre;76351;Le Havre;Le Havre;Seine-Maritime;Rouen;Normandie;25 RUE PHILIPPE LEBON;76063;LE HAVRE CEDEX;France;Formations supérieures et recherche universitaire (Recherche et enseignement supérieur);6914;6895;6958;7250;7230;7479
0860073M;École nationale supérieure de mécanique et d'aérotechnique de Poitiers;ISAE-ENSMA;Écoles nationales supérieures d'ingénieurs;Public;;Nouvelle-Aquitaine>Poitiers>Vienne>Chasseneuil-du-Poitou;86062;Chasseneuil-du-Poitou;Poitiers;Vienne;Poitiers;Nouvelle-Aquitaine;1 AVENUE CLEMENT ADER TELEPORT 2;86961;CHASSENEUIL CEDEX;France;Formations supérieures et recherche universitaire (Recherche et enseignement supérieur);631;629;661;673;689;712
0772710C;Université Paris-Est;UPE;Communauté d'universités et établissements;Public;;Île-de-France>Créteil>Seine-et-Marne>Champs-sur-Marne;77083;Champs-sur-Marne;Paris;Seine-et-Marne;Créteil;Île-de-France;6 AVENUE BLAISE PASCAL;77420;CHAMPS SUR MARNE;France;Formations supérieures et recherche universitaire (Recherche et enseignement supérieur);1440;1388;1416;1382;1387;1393
0912341A;CentraleSupélec;;Grand établissement;Public;;Île-de-France>Versailles>Essonne>Gif-sur-Yvette;91272;Gif-sur-Yvette;Paris;Essonne;Versailles;Île-de-France;3 RUE JOLIOT CURIE;91192;GIF SUR YVETTE CEDEX;France;Formations supérieures et recherche universitaire (Recherche et enseignement supérieur);4031;4317;4568;4916;5040;4950
0861420B;Université confédérale Léonard de Vinci;;Communauté d'universités et établissements;Public;;Nouvelle-Aquitaine>Poitiers>Vienne>Poitiers;86062;Chasseneuil-du-Poitou;Poitiers;Vienne;Poitiers;Nouvelle-Aquitaine;2 AVENUE GUSTAVE EIFFEL;86962;POITIERS CEDEX 9;France;Formations supérieures et recherche universitaire (Recherche et enseignement supérieur);0;0;0;0;0;0
0851415B;Institut catholique d'études supérieures;ICES;Établissement privé d'enseignement universitaire;Privé;;Pays de la Loire>Vendée>La Roche-sur-Yon;85191;La Roche-sur-Yon;La Roche-sur-Yon;Vendée;Nantes;Pays de la Loire;17 BOULEVARD DES BELGES;85017;LA ROCHE SUR YON CEDEX;France;;902;899;847;897;970;1004
0762378X;École supérieure d'ingénieurs en génie électrique;ESIGELEC;École d'ingénieurs;Privé;;Normandie>Rouen>Seine-Maritime>Saint-Étienne-du-Rouvray;76575;Saint-Étienne-du-Rouvray;Rouen;Seine-Maritime;Rouen;Normandie;AVENUE GALILEE;76800;ST ETIENNE DU ROUVRAY;France;;0;0;0;0;0;0
0941111X;Université Paris-Est Créteil Val-de-Marne;UPEC;Université;Public;;Île-de-France>Créteil>Val-de-Marne>Créteil;94028;Créteil;Paris;Val-de-Marne;Créteil;Île-de-France;61 AVENUE DU GENERAL DE GAULLE;94010;CRETEIL CEDEX;France;Formations supérieures et recherche universitaire (Recherche et enseignement supérieur);26743;26726;26998;27137;25575;25353
9840349G;Université de la Polynésie Française;UPF;Université;Public;;Collectivités d'outre-mer>Polynésie Française>Polynésie Française>Punaauia;98738;Punaauia;Punaauia;Polynésie Française;Polynésie Française;Collectivités d'outre-mer;;98704;FAAA;France;Formations supérieures et recherche universitaire (Recherche et enseignement supérieur);3133;2979;3127;3415;3255;3214
0931827F;Université Paris 8 - Vincennes - Saint-Denis;;Université;Public;;Île-de-France>Créteil>Seine-Saint-Denis>Saint-Denis;93066;Saint-Denis;Paris;Seine-Saint-Denis;Créteil;Île-de-France;2 RUE DE LA LIBERTE;93526;ST DENIS CEDEX;France;Formations supérieures et recherche universitaire (Recherche et enseignement supérieur);21817;22521;23010;22299;21802;21752
0940607Z;École normale supérieure de Cachan;ENS de Cachan;École normale supérieure;Public;;Île-de-France>Créteil>Val-de-Marne>Cachan;94016;Cachan;Paris;Val-de-Marne;Créteil;Île-de-France;61 AVENUE DU PRESIDENT WILSON;94230;CACHAN;France;Formations supérieures et recherche universitaire (Recherche et enseignement supérieur);2122;2065;2169;1499;1800;1800
0942340H;École spéciale des travaux publics, du bâtiment et de l'industrie;ESTP;Établissements d'enseignement supérieur privés rattachés à un EPSCP;Privé;École nationale supérieure d'arts et métiers;Île-de-France>Créteil>Val-de-Marne>Cachan;94016;Cachan;Paris;Val-de-Marne;Créteil;Île-de-France;28 AVENUE PDT WILSON;94230;CACHAN;France;;0;0;2101;2156;2256;2372
1270009V;École française de Rome;EFR;École française à l'étranger;Public;;Étranger>Rome;;Rome;Étranger;Étranger;Étranger;Étranger;67 PIAZZA FARNESE;;00186 ROME;Italie;Formations supérieures et recherche universitaire (Recherche et enseignement supérieur);0;0;0;0;0;0
1260001S;École française d'Athènes;EFA;École française à l'étranger;Public;;Étranger>Athènes;;Athènes;Étranger;Étranger;Étranger;Étranger;6 RUE DIDOTOU;;106 80 ATHENES;Grèce;Formations supérieures et recherche universitaire (Recherche et enseignement supérieur);0;0;0;0;0;0
0952199Z;Université Paris-Seine;;Communauté d'universités et établissements;Public;;Île-de-France>Versailles>Val-d'Oise>Cergy;95127;Cergy;Paris;Val-d'Oise;Versailles;Île-de-France;1 AVENUE BERNARD HIRSCH;95021;CERGY PONTOISE;France;Formations supérieures et recherche universitaire (Recherche et enseignement supérieur);0;0;0;0;0;0
0932560C;Campus Condorcet;;Pôle de recherche et d'enseignement supérieur;Public;;Île-de-France>Créteil>Seine-Saint-Denis>Saint-Denis;93066;Saint-Denis;Paris;Seine-Saint-Denis;Créteil;Île-de-France;4, rue de la Croix-Faron;93210;Saint-Denis La Plaine;France;;0;0;0;0;0;0
1111111A;Université de Strasbourg;;Association d'établissements;Public;;Grand Est>Strasbourg>Bas-Rhin>Strasbourg;67482;Strasbourg;Strasbourg;Bas-Rhin;Strasbourg;Grand Est;4 RUE BLAISE PASCAL;67081;STRASBOURG CEDEX;France;;0;0;0;0;0;0
0542493S;Université de Lorraine;;Grand établissement;Public;;Grand Est>Nancy-Metz>Meurthe-et-Moselle>Nancy;54395;Nancy;Nancy;Meurthe-et-Moselle;Nancy-Metz;Grand Est;34 COURS LEOPOLD;54052;NANCY CEDEX;France;Formations supérieures et recherche universitaire (Recherche et enseignement supérieur);52039;51720;51527;51439;52980;56209
0690187D;École centrale de Lyon;EC Lyon;Instituts et écoles extérieurs aux universités;Public;;Auvergne-Rhône-Alpes>Lyon>Rhône>Écully;69081;Écully;Lyon;Rhône;Lyon;Auvergne-Rhône-Alpes;36 AVENUE GUY DE COLLONGUE;69134;ECULLY CEDEX;France;Formations supérieures et recherche universitaire (Recherche et enseignement supérieur);1482;1390;1513;1633;1714;1774
0440100V;Ecole centrale de Nantes;;Instituts et écoles extérieurs aux universités;Public;;Pays de la Loire>Loire-Atlantique>Nantes;44109;Nantes;Nantes;Loire-Atlantique;Nantes;Pays de la Loire;1 RUE DE LA NOE;44321;NANTES CEDEX 3;France;Formations supérieures et recherche universitaire (Recherche et enseignement supérieur);1848;1918;1971;2083;2130;2173
0590338X;École nationale supérieure des arts et industries textiles;ENSAIT;Instituts et écoles extérieurs aux universités;Public;;Hauts-de-France>Lille>Nord>Roubaix;59512;Roubaix;Lille;Nord;Lille;Hauts-de-France;9 RUE DE L ERMITAGE;59056;ROUBAIX CEDEX 1;France;Formations supérieures et recherche universitaire (Recherche et enseignement supérieur);408;396;406;402;409;338
0590344D;Institut catholique de Lille;ICL;Autre établissement;Privé;;Hauts-de-France>Lille>Nord>Lille;59350;Lille;Lille;Nord;Lille;Hauts-de-France;60 BOULEVARD VAUBAN;59016;LILLE CEDEX;France;;5984;6189;6325;6445;6637;7106
0641923T;École supérieure des technologies industrielles avancées;ESTIA;École d'ingénieurs;Privé;;Nouvelle-Aquitaine>Bordeaux>Pyrénées-Atlantiques>Bayonne;64102;Bayonne;Bayonne;Pyrénées-Atlantiques;Bordeaux;Nouvelle-Aquitaine;50  ALLÉES MARINES;64102;BAYONNE CEDEX;France;;385;434;495;561;621;637
0650048Z;École nationale d'ingénieurs de Tarbes;ENI Tarbes;Écoles nationales supérieures d'ingénieurs;Public;Institut national polytechnique de Toulouse;Occitanie>Toulouse>Hautes-Pyrénées>Tarbes;65440;Tarbes;Tarbes;Hautes-Pyrénées;Toulouse;Occitanie;47 AVENUE D'AZEREIX;65016;TARBES CEDEX;France;Formations supérieures et recherche universitaire (Recherche et enseignement supérieur);1223;1193;1092;1075;1058;1043
0595876S;Institut d'études politiques de Lille;IEP de Lille;Institut d'étude politique;Public;Université Lille 2 - Droit et Santé;Hauts-de-France>Lille>Nord>Lille;59350;Lille;Lille;Nord;Lille;Hauts-de-France;84 RUE DE TREVISE;59000;LILLE;France;Formations supérieures et recherche universitaire (Recherche et enseignement supérieur);0;0;0;0;0;0
0590347G;Institut supérieur de l'électronique et du numérique;Isen-Lille;École d'ingénieurs;Privé;;Hauts-de-France>Lille>Nord>Lille;59350;Lille;Lille;Nord;Lille;Hauts-de-France;41 BOULEVARD VAUBAN;59046;LILLE CEDEX;France;;459;469;458;441;443;473
0593202K;Institut d'économie scientifique et de gestion;Ieseg;Autre établissement;Privé;;Hauts-de-France>Lille>Nord>Lille;59350;Lille;Lille;Nord;Lille;Hauts-de-France;3 RUE DE LA DIGUE;59800;LILLE;France;;2309;2765;3310;3703;3920;4347
0311382J;Université Toulouse 1 - Capitole;;Université;Public;;Occitanie>Toulouse>Haute-Garonne>Toulouse;31555;Toulouse;Toulouse;Haute-Garonne;Toulouse;Occitanie;2 RUE DU DOYEN GABRIEL MARTY;31042;TOULOUSE CEDEX;France;Formations supérieures et recherche universitaire (Recherche et enseignement supérieur);20108;20276;20906;20543;21210;21769
0673021V;Université de Strasbourg;;Université;Public;;Grand Est>Strasbourg>Bas-Rhin>Strasbourg;67482;Strasbourg;Strasbourg;Bas-Rhin;Strasbourg;Grand Est;4 RUE BLAISE PASCAL;67081;STRASBOURG CEDEX;France;Formations supérieures et recherche universitaire (Recherche et enseignement supérieur);42441;43076;43936;44160;44726;46050
0623957P;Université d'Artois;;Université;Public;;Hauts-de-France>Lille>Pas-de-Calais>Arras;62041;Arras;Arras;Pas-de-Calais;Lille;Hauts-de-France;9 RUE DU TEMPLE;62030;ARRAS CEDEX;France;Formations supérieures et recherche universitaire (Recherche et enseignement supérieur);11404;10818;11371;10956;10135;10899
0691774D;Université Claude Bernard - Lyon 1;;Université;Public;;Auvergne-Rhône-Alpes>Lyon>Rhône>Villeurbanne;69266;Villeurbanne;Lyon;Rhône;Lyon;Auvergne-Rhône-Alpes;43 BOULEVARD DU 11 NOVEMBRE 1918;69622;VILLEURBANNE CEDEX;France;Formations supérieures et recherche universitaire (Recherche et enseignement supérieur);32215;32784;33853;33585;34049;36678
0692459Y;École nationale supérieure des sciences de l'information et des bibliothèques;ENSSIB;Grand établissement;Public;;Auvergne-Rhône-Alpes>Lyon>Rhône>Villeurbanne;69266;Villeurbanne;Lyon;Rhône;Lyon;Auvergne-Rhône-Alpes;17 BOULEVARD DU 11 NOVEMBRE 1918;69623;VILLEURBANNE CEDEX;France;Formations supérieures et recherche universitaire (Recherche et enseignement supérieur);90;241;243;233;225;251
0690192J;Institut national des sciences appliquées de Lyon;INSA Lyon;Instituts et écoles extérieurs aux universités;Public;;Auvergne-Rhône-Alpes>Lyon>Rhône>Villeurbanne;69266;Villeurbanne;Lyon;Rhône;Lyon;Auvergne-Rhône-Alpes;20 AVENUE ALBERT EINSTEIN;69621;VILLEURBANNE CEDEX;France;Formations supérieures et recherche universitaire (Recherche et enseignement supérieur);5639;5779;5800;5836;5927;6048
0751794T;École française d'Extrême-Orient;EFEO;École française à l'étranger;Public;;Île-de-France>Paris>Paris>Paris 16e;75116;Paris 16e;SO;Paris;Paris;Île-de-France;22 AVENUE DU PRESIDENT WILSON;75116;PARIS;France;Formations supérieures et recherche universitaire (Recherche et enseignement supérieur);0;0;0;0;0;0
0690194L;École catholique des arts et métiers;ECAM;École d'ingénieurs;Privé;;Auvergne-Rhône-Alpes>Lyon>Rhône>Lyon 5e;69385;Lyon 5e;Lyon;Rhône;Lyon;Auvergne-Rhône-Alpes;40 MONTÉE SAINT BARTHELEMY;69321;LYON CEDEX 05;France;;533;554;635;722;811;804
0751877H;École nationale supérieure d'architecture de Paris-Belleville;ENSAPB;Établissement supérieur d'architecture;Public;;Île-de-France>Paris>Paris>Paris 19e;75119;Paris 19e;Paris;Paris;Paris;Île-de-France;60  BOULEVARD DE LA VILLETTE;75019;PARIS;France;;0;0;0;0;0;0
0752139T;Facultés Libres de Philosophie et de Psychologie;IPC;Autre établissement;Privé;;Île-de-France>Paris>Paris>Paris 14e;75114;Paris 14e;Paris;Paris;Paris;Île-de-France;70 AVENUE DENFERT ROCHEREAU;75014;PARIS;France;;0;0;0;0;0;0
0751722P;Université Pierre et Marie Curie;UPMC;Université;Public;;Île-de-France>Paris>Paris>Paris 5e;75105;Paris 5e;Paris;Paris;Paris;Île-de-France;4 PLACE JUSSIEU;75252;PARIS CEDEX 05;France;Formations supérieures et recherche universitaire (Recherche et enseignement supérieur);30687;31372;31376;32103;32183;33789
0860856N;Université de Poitiers;;Université;Public;;Nouvelle-Aquitaine>Poitiers>Vienne>Poitiers;86194;Poitiers;Poitiers;Vienne;Poitiers;Nouvelle-Aquitaine;15 RUE DE L'HOTEL DIEU;86073;POITIERS CEDEX 9;France;Formations supérieures et recherche universitaire (Recherche et enseignement supérieur);23151;22805;22136;22820;22978;24419
0911568K;École polytechnique;X;École d'ingénieurs;Public;;Île-de-France>Versailles>Essonne>Palaiseau;91477;Palaiseau;Paris;Essonne;Versailles;Île-de-France;ROUTE DE SACLAY;91128;PALAISEAU CEDEX;France;;1486;1750;2249;1906;2980;2860
0752559Z;Institut national du sport, de l'expertise et de la performance;INSEP;Grand établissement relevant d'un autre département ministériel;Public;;Île-de-France>Paris>Paris>Paris 12e;75112;Paris 12e;Paris;Paris;Paris;Île-de-France;11 AVENUE DU TREMBLAY;75012;PARIS;France;Sport;0;0;0;0;0;0
0753560M;École d'ingénieurs du monde numérique;ESIEA;École d'ingénieurs;Privé;;Île-de-France>Paris>Paris>Paris 5e;75105;Paris 5e;Paris;Paris;Paris;Île-de-France;9 RUE VESALE;75005;PARIS;France;;867;885;801;1005;907;950
0755581J;Hautes Études-Sorbonne-Arts et Métiers;HESAM;Communauté d'universités et établissements;Public;;Île-de-France>Paris>Paris>Paris 5e;75105;Paris 5e;Paris;Paris;Paris;Île-de-France;15 RUE SOUFLOT;75005;PARIS;France;Formations supérieures et recherche universitaire (Recherche et enseignement supérieur);0;0;0;0;0;0
0753541S;Institut catholique de Paris;ICP;Établissement privé d'enseignement universitaire;Privé;;Île-de-France>Paris>Paris>Paris 6e;75106;Paris 6e;Paris;Paris;Paris;Île-de-France;21 RUE D'ASSAS;75270;PARIS CEDEX 06;France;;3926;4389;4500;4903;4602;4395
0920674H;EPF - École d'ingénieur-e-s;EPF;École d'ingénieurs;Privé;;Île-de-France>Versailles>Hauts-de-Seine>Sceaux;92071;Sceaux;Paris;Hauts-de-Seine;Versailles;Île-de-France;3 BIS RUE LAKANAL;92330;SCEAUX;France;;1186;1280;1330;1497;1705;1875
0922605G;Institut national supérieur de formation et de recherche pour l'éducation des jeunes handicapés et les enseignements adaptés;INS HEA;Autre établissement;Public;;Île-de-France>Versailles>Hauts-de-Seine>Suresnes;92073;Suresnes;Paris;Hauts-de-Seine;Versailles;Île-de-France;58 AVENUE DES LANDES;92150;SURESNES;France;Formations supérieures et recherche universitaire (Recherche et enseignement supérieur);0;0;0;0;0;0
0783664J;École supérieure des techniques aéronautiques et de construction automobile;ESTACA;École d'ingénieurs;Privé;;Île-de-France>Versailles>Yvelines>Montigny-le-Bretonneux;78423;Montigny-le-Bretonneux;Paris;Yvelines;Versailles;Île-de-France;12 AVENUE PAUL DELOUVRIER;78180;MONTIGNY LE BRETONNEUX;France;;1464;1488;1509;1575;1647;1803
0301687W;Université de Nîmes;UNÎMES;Université;Public;;Occitanie>Montpellier>Gard>Nîmes;30189;Nîmes;Nîmes;Gard;Montpellier;Occitanie;RUE DU DOCTEUR GEORGES SALAN;30021;NIMES CEDEX 1;France;Formations supérieures et recherche universitaire (Recherche et enseignement supérieur);3414;3362;3378;3658;3965;4487
0421095M;Université Jean Monnet;;Université;Public;;Auvergne-Rhône-Alpes>Lyon>Loire>Saint-Étienne;42218;Saint-Étienne;Saint-Étienne;Loire;Lyon;Auvergne-Rhône-Alpes;10 RUE TREFILERIE;42023;ST ETIENNE CEDEX 2;France;Formations supérieures et recherche universitaire (Recherche et enseignement supérieur);15494;16076;16166;16578;17163;18341
0561718N;Université de Bretagne-Sud;UBS;Université;Public;;Bretagne>Morbihan>Lorient;56121;Lorient;Lorient;Morbihan;Rennes;Bretagne;27 RUE ARMAND GUILLEMOT;56321;LORIENT CEDEX;France;Formations supérieures et recherche universitaire (Recherche et enseignement supérieur);8578;8487;8385;8590;8129;8556
0490970N;Université d'Angers;;Université;Public;;Pays de la Loire>Maine-et-Loire>Angers;49007;Angers;Angers;Maine-et-Loire;Nantes;Pays de la Loire;40 RUE DE RENNES;49035;ANGERS CEDEX 1;France;Formations supérieures et recherche universitaire (Recherche et enseignement supérieur);18922;19090;19528;21132;21220;21875
0310153Y;École nationale vétérinaire de Toulouse;ENVT;Etablissement relevant d'un autre département ministériel rattaché à un EPSCP;Public;Institut national polytechnique de Toulouse;Occitanie>Toulouse>Haute-Garonne>Toulouse;31555;Toulouse;Toulouse;Haute-Garonne;Toulouse;Occitanie;23 CHEMIN DES CAPELLES;31076;TOULOUSE CEDEX 3;France;Enseignement supérieur et recherche agricoles (Recherche et enseignement supérieur);581;604;620;657;690;686
0352373P;École des métiers de l'environnement;EME;École d'ingénieurs;Privé;;Bretagne>Ille-et-Vilaine>Bruz;35047;Bruz;Rennes;Ille-et-Vilaine;Rennes;Bretagne;AVENUE ROBERT SCHUMANN;35170;BRUZ;France;;282;284;287;269;264;266
0251985X;Université Bourgogne - Franche-Comté;;Communauté d'universités et établissements;Public;;Bourgogne-Franche-Comté>Besançon>Doubs>Besançon;25056;Besançon;Besançon;Doubs;Besançon;Bourgogne-Franche-Comté;32 AVENUE DE L'OBSERVATOIRE;25000;BESANCON;France;Formations supérieures et recherche universitaire (Recherche et enseignement supérieur);0;0;0;0;0;0
7200664J;Université de Corse Pasquale Paoli;;Université;Public;;Corse>Haute-Corse>Corte;2B096;Corte;Corte;Haute-Corse;Corse;Corse;7 AVENUE J NICOLI;20250;CORTE;France;Formations supérieures et recherche universitaire (Recherche et enseignement supérieur);3820;3732;3762;3824;3703;3726
0830766G;Université de Toulon;;Université;Public;;Provence-Alpes-Côte d'Azur>Nice>Var>La Garde;83062;La Garde;Toulon;Var;Nice;Provence-Alpes-Côte d'Azur;;83041;TOULON CEDEX 9;France;Formations supérieures et recherche universitaire (Recherche et enseignement supérieur);9122;9056;8596;8507;8760;9188
0951793H;Université de Cergy-Pontoise;;Université;Public;;Île-de-France>Versailles>Val-d'Oise>Cergy;95127;Cergy;Paris;Val-d'Oise;Versailles;Île-de-France;33 BOULEVARD DU PORT;95011;CERGY PONTOISE CEDEX;France;Formations supérieures et recherche universitaire (Recherche et enseignement supérieur);14045;13846;14164;14036;12827;13488
9740478B;Université de La Réunion;;Université;Public;;La Réunion>Saint-Denis;97411;Saint-Denis;Saint-Denis;La Réunion;La Réunion;La Réunion;15 AV RENE CASSIN;97715;ST DENIS MESSAG CEDEX 9;France;Formations supérieures et recherche universitaire (Recherche et enseignement supérieur);11653;11593;12204;12412;12136;13251
9830445S;Université de la Nouvelle-Calédonie;;Université;Public;;Collectivités d'outre-mer>Nouvelle-Calédonie>Nouvelle-Calédonie>Nouméa;98818;Nouméa;Nouméa;Nouvelle-Calédonie;Nouvelle-Calédonie;Collectivités d'outre-mer;145 AVENUE JAMES COOK;98851;NOUMEA CEDEX;France;Formations supérieures et recherche universitaire (Recherche et enseignement supérieur);2528;2392;2481;2618;2757;2757
2222222B;Université Clermont Auvergne;;Association d'établissements;Public;;Auvergne-Rhône-Alpes>Clermont-Ferrand>Puy-de-Dôme>Clermont-Ferrand;63113;Clermont-Ferrand;Clermont-Ferrand;Puy-de-Dôme;Clermont-Ferrand;Auvergne-Rhône-Alpes;9 RUE KESSLER;63012;CLERMONT FERRAND CEDEX 1;France;;0;0;0;0;0;0
0134009M;Aix-Marseille université;AMU;Université;Public;;Provence-Alpes-Côte d'Azur>Aix-Marseille>Bouches-du-Rhône>Marseille 7e;13207;Marseille 7e;Marseille - Aix-en-Provence;Bouches-du-Rhône;Aix-Marseille;Provence-Alpes-Côte d'Azur;58 BOULEVARD CHARLES LIVON;13284;MARSEILLE CEDEX 07;France;Formations supérieures et recherche universitaire (Recherche et enseignement supérieur);63641;62905;60648;59158;60154;62648
0212198A;Institut national supérieur des sciences agronomiques, de l'alimentation et de l'environnement;Agrosup Dijon;Grand établissement;Public;;Bourgogne-Franche-Comté>Dijon>Côte-d'Or>Dijon;21231;Dijon;Dijon;Côte-d'Or;Dijon;Bourgogne-Franche-Comté;26 BOULEVARD DR PETITJEAN;21079;DIJON CEDEX;France;Enseignement supérieur et recherche agricoles (Recherche et enseignement supérieur);519;532;528;570;581;616
0171435T;École d'ingénieurs en génie des systèmes industriels;EIGSI;École d'ingénieurs;Privé;;Nouvelle-Aquitaine>Poitiers>Charente-Maritime>La Rochelle;17300;La Rochelle;La Rochelle;Charente-Maritime;Poitiers;Nouvelle-Aquitaine;26 RUE VAUX DE FOLETIER;17041;LA ROCHELLE CEDEX 1;France;;706;791;733;770;824;866
0142382N;Normandie Université;;Communauté d'universités et établissements;Public;;Normandie>Caen>Calvados>Caen;14118;Caen;Caen;Calvados;Caen;Normandie;ESPLANADE DE LA PAIX;14032;CAEN CEDEX 5;France;Formations supérieures et recherche universitaire (Recherche et enseignement supérieur);0;0;0;0;0;0
0101060Y;Université de technologie de Troyes;UTT;Instituts et écoles extérieurs aux universités;Public;;Grand Est>Reims>Aube>Troyes;10387;Troyes;Troyes;Aube;Reims;Grand Est;12 RUE MARIE CURIE;10010;TROYES CEDEX;France;Formations supérieures et recherche universitaire (Recherche et enseignement supérieur);2418;2432;2508;2550;2613;2738
0062126D;Université Côte d'Azur;UCA;Communauté d'universités et établissements;Public;;Provence-Alpes-Côte d'Azur>Nice>Alpes-Maritimes>Nice;6088;Nice;Nice;Alpes-Maritimes;Nice;Provence-Alpes-Côte d'Azur;28 AVENUE VALROSE;6103;NICE CEDEX 2;France;Formations supérieures et recherche universitaire (Recherche et enseignement supérieur);0;0;0;0;0;0
0593561A;Université Lille 3 - Charles-de-Gaulle;;Université;Public;;Hauts-de-France>Lille>Nord>Villeneuve-d'Ascq;59009;Villeneuve-d'Ascq;Lille;Nord;Lille;Hauts-de-France;RUE DU BARREAU;59653;VILLENEUVE D ASCQ CEDEX;France;Formations supérieures et recherche universitaire (Recherche et enseignement supérieur);18141;18814;18637;18660;18006;19134
0660437S;Université de Perpignan - Via Domitia;;Université;Public;;Occitanie>Montpellier>Pyrénées-Orientales>Perpignan;66136;Perpignan;Perpignan;Pyrénées-Orientales;Montpellier;Occitanie;52 AVENUE PAUL ALDUY;66860;PERPIGNAN CEDEX 9;France;Formations supérieures et recherche universitaire (Recherche et enseignement supérieur);9842;8782;8583;8636;8673;8773
0691775E;Université Lumière - Lyon 2;;Université;Public;;Auvergne-Rhône-Alpes>Lyon>Rhône>Lyon 7e;69387;Lyon 7e;Lyon;Rhône;Lyon;Auvergne-Rhône-Alpes;86 RUE PASTEUR;69365;LYON CEDEX 07;France;Formations supérieures et recherche universitaire (Recherche et enseignement supérieur);28309;27863;28773;28667;29279;29349
0590311T;École nationale supérieure de chimie de Lille;ENS Chimie Lille;Écoles nationales supérieures d'ingénieurs;Public;Université Lille 1 - Sciences technologies;Hauts-de-France>Lille>Nord>Villeneuve-d'Ascq;59009;Villeneuve-d'Ascq;Lille;Nord;Lille;Hauts-de-France;CITE SCIENTIFIQUE;59652;VILLENEUVE D ASCQ CEDEX;France;Formations supérieures et recherche universitaire (Recherche et enseignement supérieur);345;339;367;368;358;350
0690195M;Université catholique de Lyon;UCLy;Établissement privé d'enseignement universitaire;Privé;;Auvergne-Rhône-Alpes>Lyon>Rhône>Lyon 2e;69382;Lyon 2e;Lyon;Rhône;Lyon;Auvergne-Rhône-Alpes;25 RUE DU PLAT;69288;LYON CEDEX 02;France;;4618;5361;5601;5782;6039;5988
0690173N;Institut d'études politiques de Lyon;IEP de Lyon;Institut d'étude politique;Public;Université Lumière - Lyon 2;Auvergne-Rhône-Alpes>Lyon>Rhône>Lyon 7e;69387;Lyon 7e;Lyon;Rhône;Lyon;Auvergne-Rhône-Alpes;14 AVENUE BERTHELOT;69007;LYON;France;Formations supérieures et recherche universitaire (Recherche et enseignement supérieur);0;0;0;0;0;0
0690193K;Institut d'enseignement supérieur et de recherche en alimentation, santé animale, sciences agronomiques et de l'environnement;Vet Agro Sup;Grand établissement relevant d'un autre département ministériel;Public;;Auvergne-Rhône-Alpes>Lyon>Rhône>Marcy-l'Étoile;69127;Marcy-l'Étoile;Lyon;Rhône;Lyon;Auvergne-Rhône-Alpes;1 AVENUE BOURGELAT;69280;MARCY L ETOILE;France;Enseignement supérieur et recherche agricoles (Recherche et enseignement supérieur);712;628;652;665;691;697
0542455A;ICN Business School;ICN;École de commerce et de management;Privé;;Grand Est>Nancy-Metz>Meurthe-et-Moselle>Nancy;54395;Nancy;Nancy;Meurthe-et-Moselle;Nancy-Metz;Grand Est;13  RUE MICHEL NEY;54037;NANCY CEDEX;France;;1424;2014;2126;1918;2112;2504
0352337A;ECAM Rennes Louis de Broglie;ECAM Rennes;École d'ingénieurs;Privé;;Bretagne>Ille-et-Vilaine>Bruz;35047;Bruz;Rennes;Ille-et-Vilaine;Rennes;Bretagne;;35170;BRUZ;France;;279;281;341;395;458;481
0492062A;Institut des relations publiques et de la communication d’Angers;Ircom;Instituts et écoles extérieurs aux universités;Privé;;Pays de la Loire>Maine-et-Loire>Angers>Les Ponts-de-Cé;49246;Les Ponts-de-Cé;Angers;Maine-et-Loire;Nantes;Pays de la Loire;23 RUE EDOUARD GUINEL;49136;LES PONTS DE CE CEDEX;France;;0;0;0;0;0;0
0310152X;Institut national des sciences appliquées de Toulouse;INSA Toulouse;Instituts et écoles extérieurs aux universités;Public;;Occitanie>Toulouse>Haute-Garonne>Toulouse;31555;Toulouse;Toulouse;Haute-Garonne;Toulouse;Occitanie;135 AVENUE DE RANGUEIL;31077;TOULOUSE CEDEX 04;France;Formations supérieures et recherche universitaire (Recherche et enseignement supérieur);2573;2714;2720;2755;2871;2823
0141408E;Université de Caen Normandie;;Université;Public;;Normandie>Caen>Calvados>Caen;14118;Caen;Caen;Calvados;Caen;Normandie;ESPLANADE DE LA PAIX;14032;CAEN CEDEX;France;Formations supérieures et recherche universitaire (Recherche et enseignement supérieur);23921;23439;23781;23681;24387;27148
0342222F;Centre international d'études supérieures en sciences agronomiques;Montpellier Sup Agro;Grand établissement relevant d'un autre département ministériel;Public;;Occitanie>Montpellier>Hérault>Montpellier;34172;Montpellier;Montpellier;Hérault;Montpellier;Occitanie;2 PLACE PIERRE VIALA;34060;MONTPELLIER CEDEX;France;Enseignement supérieur et recherche agricoles (Recherche et enseignement supérieur);365;500;551;553;539;1217
0350095N;École des hautes études en santé publique;EHESP;Grand établissement;Public;;Bretagne>Ille-et-Vilaine>Rennes;35238;Rennes;Rennes;Ille-et-Vilaine;Rennes;Bretagne;AVENUE DU PROFESSEUR LEON BERNAR;35043;RENNES CEDEX;France;Prévention, sécurité sanitaire et offre de soins;137;149;188;259;332;307
0342321N;Université de Montpellier;;Université;Public;;Occitanie>Montpellier>Hérault>Montpellier;34172;Montpellier;Montpellier;Hérault;Montpellier;Occitanie;163 RUE AUGUSTE BROUSSONET;34090;MONTPELLIER;France;Formations supérieures et recherche universitaire (Recherche et enseignement supérieur);37048;38714;39820;39579;39082;39388
0331766R;Université Bordeaux-Montaigne;UBM;Université;Public;;Nouvelle-Aquitaine>Bordeaux>Gironde>Pessac;33318;Pessac;Bordeaux;Gironde;Bordeaux;Nouvelle-Aquitaine;DOMAINE UNIVERSITAIRE;33607;PESSAC CEDEX;France;Formations supérieures et recherche universitaire (Recherche et enseignement supérieur);15466;14770;14458;14484;14888;14995
0133774G;École centrale de Marseille;;Instituts et écoles extérieurs aux universités;Public;;Provence-Alpes-Côte d'Azur>Aix-Marseille>Bouches-du-Rhône>Marseille 13e;13213;Marseille 13e;Marseille - Aix-en-Provence;Bouches-du-Rhône;Aix-Marseille;Provence-Alpes-Côte d'Azur;38 RUE JOLIOT CURIE;13451;MARSEILLE CEDEX 13;France;Formations supérieures et recherche universitaire (Recherche et enseignement supérieur);658;701;796;875;919;996
0180974L;Institut national des sciences appliquées Centre Val de Loire;INSA CVL;Instituts et écoles extérieurs aux universités;Public;;Centre-Val de Loire>Loir-et-Cher>Blois;41018;Blois;Blois;Loir-et-Cher;Orléans-Tours;Centre-Val de Loire;3 RUE DE LA CHOCOLATERIE;41034;BLOIS CEDEX;France;Formations supérieures et recherche universitaire (Recherche et enseignement supérieur);1072;1080;1130;1304;1413;1550
0310155A;Institut catholique de Toulouse;ICT;Établissement privé d'enseignement universitaire;Privé;;Occitanie>Toulouse>Haute-Garonne>Toulouse;31555;Toulouse;Toulouse;Haute-Garonne;Toulouse;Occitanie;31 RUE DE LA FONDERIE;31068;TOULOUSE CEDEX 7;France;;2814;2804;2975;3148;3062;3230
0142182W;École supérieure d'ingénieurs des travaux de la construction de Caen;ESITC;École d'ingénieurs;Privé;;Normandie>Caen>Calvados>Épron;14242;Épron;Caen;Calvados;Caen;Normandie;1 RUE PIERRE ET MARIE CURIE;14610;EPRON;France;;390;391;417;390;410;453
0753471R;Conservatoire national des arts et métiers;CNAM;Grand établissement;Public;;Île-de-France>Paris>Paris>Paris 3e;75103;Paris 3e;Paris;Paris;Paris;Île-de-France;292 RUE SAINT MARTIN;75141;PARIS CEDEX 03;France;Formations supérieures et recherche universitaire (Recherche et enseignement supérieur);1668;1910;1750;1743;2179;2123
0811293R;Institut national universitaire Jean-François Champollion;INU Albi;Autre établissement;Public;;Occitanie>Toulouse>Tarn>Albi;81004;Albi;Albi;Tarn;Toulouse;Occitanie;PLACE DE VERDUN;81012;ALBI CEDEX 9;France;Formations supérieures et recherche universitaire (Recherche et enseignement supérieur);2837;2980;3393;3575;3816;3939
0772517T;École nationale des ponts et chaussées;ENPC;Grand établissement relevant d'un autre département ministériel;Public;;Île-de-France>Créteil>Seine-et-Marne>Champs-sur-Marne;77083;Champs-sur-Marne;Paris;Seine-et-Marne;Créteil;Île-de-France;6 AVENUE B PASCAL CITE DESCARTE;77420;CHAMPS SUR MARNE;France;Conduite et pilotage des politiques de l'écologie, de l'énergie, du développement durable et de la mer;782;814;822;810;799;785
0753455Y;École normale supérieure de Paris;ENS ULM;École normale supérieure;Public;;Île-de-France>Paris>Paris>Paris 5e;75105;Paris 5e;Paris;Paris;Paris;Île-de-France;45 RUE D'ULM;75230;PARIS CEDEX 05;France;Formations supérieures et recherche universitaire (Recherche et enseignement supérieur);1076;1135;1275;1485;1629;1713
0755026F;Institut national d'histoire de l'art;INHA;Grand établissement;Public;;Île-de-France>Paris>Paris>Paris 2e;75102;Paris 2e;Paris;Paris;Paris;Île-de-France;2 RUE VIVIENNE;75002;PARIS;France;Formations supérieures et recherche universitaire (Recherche et enseignement supérieur);0;0;0;0;0;0
0753488J;Institut national des langues et civilisations orientales;INALCO;Grand établissement;Public;;Île-de-France>Paris>Paris>Paris 13e;75113;Paris 13e;Paris;Paris;Paris;Île-de-France;65 RUE DES GRANDS MOULINS;75214;PARIS CEDEX 13;France;Formations supérieures et recherche universitaire (Recherche et enseignement supérieur);6314;6675;6843;6590;7083;7263
0755598C;Université Sorbonne Paris Cité;;Communauté d'universités et établissements;Public;;Île-de-France>Paris>Paris>Paris 13e;75113;Paris 13e;Paris;Paris;Paris;Île-de-France;190 AVENUE DE FRANCE;75013;PARIS;France;Formations supérieures et recherche universitaire (Recherche et enseignement supérieur);0;0;0;0;0;0
0693735K;École nationale supérieure des arts et techniques du théâtre;ENSATT;Autre établissement;Public;;Auvergne-Rhône-Alpes>Lyon>Rhône>Lyon 5e;69385;Lyon 5e;Lyon;Rhône;Lyon;Auvergne-Rhône-Alpes;4 RUE SOEUR BOUVIER;69322;LYON CEDEX 05;France;Formations supérieures et recherche universitaire (Recherche et enseignement supérieur);0;0;0;0;0;0
0753559L;Institut supérieur d'électronique de Paris;ISEP;École d'ingénieurs;Privé;;Île-de-France>Paris>Paris>Paris 6e;75106;Paris 6e;Paris;Paris;Paris;Île-de-France;28 RUE NOTRE DAME DES CHAMPS;75006;PARIS;France;;643;630;647;621;700;837
0755802Z;Institut agronomique, vétérinaire et forestier de France;IAVFF;Autre établissement;Public;;Île-de-France>Paris>Paris>Paris 16e;75116;Paris 16e;Paris;Paris;Paris;Île-de-France;42, rue Scheffer;75116;PARIS;France;;0;0;0;0;0;0
0840685N;Université d'Avignon et des Pays de Vaucluse;;Université;Public;;Provence-Alpes-Côte d'Azur>Aix-Marseille>Vaucluse>Avignon;84007;Avignon;Avignon;Vaucluse;Aix-Marseille;Provence-Alpes-Côte d'Azur;74 RUE LOUIS PASTEUR;84029;AVIGNON CEDEX 1;France;Formations supérieures et recherche universitaire (Recherche et enseignement supérieur);6665;6636;6792;6524;6582;6846
0911975C;Université d'Évry-Val d'Essonne;;Université;Public;;Île-de-France>Versailles>Essonne>Évry;91228;Évry;Paris;Essonne;Versailles;Île-de-France;BOULEVARD FRANCOIS MITTERRAND;91025;EVRY CEDEX;France;Formations supérieures et recherche universitaire (Recherche et enseignement supérieur);9534;9685;9462;8945;9205;9800
0951623Y;École internationale des sciences du traitement de l'information;EISTI;Établissements d'enseignement supérieur privés rattachés à un EPSCP;Privé;Institut supérieur de mécanique de Paris;Île-de-France>Versailles>Val-d'Oise>Cergy;95127;Cergy;Paris;Val-d'Oise;Versailles;Île-de-France;2 AVENUE DU PARC;95011;CERGY PONTOISE CEDEX;France;;901;915;972;1101;1197;1252
0861288H;Centre national d'enseignement à distance;CNED;Autre établissement;Public;;Nouvelle-Aquitaine>Poitiers>Vienne>Chasseneuil-du-Poitou;86062;Chasseneuil-du-Poitou;Poitiers;Vienne;Poitiers;Nouvelle-Aquitaine;;86960;CHASSENEUIL CEDEX;France;Soutien de la politique de l'éducation nationale;0;0;0;0;0;0
0951808Z;École d'ingénieur d'agro-développement international;ISTOM;École d'ingénieurs;Privé;;Île-de-France>Versailles>Val-d'Oise>Cergy;95127;Cergy;Paris;Val-d'Oise;Versailles;Île-de-France;32 BOULEVARD DU PORT;95094;CERGY PONTOISE CEDEX;France;;438;437;455;467;476;492
0951820M;École de biologie industrielle;EBI;École d'ingénieurs;Privé;;Île-de-France>Versailles>Val-d'Oise>Cergy;95127;Cergy;Paris;Val-d'Oise;Versailles;Île-de-France;32 BOULEVARD DU PORT;95094;CERGY PONTOISE CEDEX;France;;640;641;652;679;709;716
0951819L;ECAM-EPMI;ECAM-EPMI;École d'ingénieurs;Privé;;Île-de-France>Versailles>Val-d'Oise>Cergy;95127;Cergy;Paris;Val-d'Oise;Versailles;Île-de-France;13 BOULEVARD DE L HAUTIL;95092;CERGY PONTOISE CEDEX;France;;610;703;736;717;695;697
0920672F;École supérieure de fonderie et de forge;;École d'ingénieurs;Privé;;Île-de-France>Versailles>Hauts-de-Seine>Sèvres;92072;Sèvres;Paris;Hauts-de-Seine;Versailles;Île-de-France;44 AVENUE DE LA DIVISION LECLERC;92310;SEVRES;France;;0;0;0;0;0;0
3333333C;Site Aix-Marseille-Provence-Méditerranée;;Association d'établissements;Public;;Provence-Alpes-Côte d'Azur>Aix-Marseille>Bouches-du-Rhône>Marseille 7e;13207;Marseille 7e;Marseille - Aix-en-Provence;Bouches-du-Rhône;Aix-Marseille;Provence-Alpes-Côte d'Azur;58 BOULEVARD CHARLES LIVON;13284;MARSEILLE CEDEX 07;France;;0;0;0;0;0;0
4444444D;Picardie Universités;;Association d'établissements;Public;;Hauts-de-France>Amiens>Somme>Amiens;80021;Amiens;Amiens;Somme;Amiens;Hauts-de-France;CHEMIN DU THIL;80021;AMIENS CEDEX 1;France;;0;0;0;0;0;0
